{"media/panorama_4DC45D00_4199_CE4B_41C8_5209939A4B44_0/f/0/8_8.jpg":{"tags":["mobile","desktop"],"size":27489},"media/panorama_4DC45D00_4199_CE4B_41C8_5209939A4B44_0/r/0/11_9.jpg":{"tags":["mobile","desktop"],"size":1185},"media/panorama_4DC45D00_4199_CE4B_41C8_5209939A4B44_0/l/0/2_7.jpg":{"tags":["mobile","desktop"],"size":5056},"media/panorama_4DC45D00_4199_CE4B_41C8_5209939A4B44_0/b/2/0_2.jpg":{"tags":["mobile","desktop"],"size":34104},"media/panorama_4DC45D00_4199_CE4B_41C8_5209939A4B44_0/f/0/6_0.jpg":{"tags":["mobile","desktop"],"size":17123},"media/panorama_4DC45D00_4199_CE4B_41C8_5209939A4B44_0/b/0/9_1.jpg":{"tags":["mobile","desktop"],"size":34526},"media/panorama_4DC45D00_4199_CE4B_41C8_5209939A4B44_0/b/0/10_5.jpg":{"tags":["mobile","desktop"],"size":1185},"media/panorama_4DC45D00_4199_CE4B_41C8_5209939A4B44_0/f/0/9_10.jpg":{"tags":["mobile","desktop"],"size":29657},"media/panorama_4DC45D00_4199_CE4B_41C8_5209939A4B44_0/r/1/3_4.jpg":{"tags":["mobile","desktop"],"size":33363},"media/panorama_4DC45D00_4199_CE4B_41C8_5209939A4B44_0/b/0/2_2.jpg":{"tags":["mobile","desktop"],"size":5459},"media/panorama_4DC45D00_4199_CE4B_41C8_5209939A4B44_0/r/0/5_9.jpg":{"tags":["mobile","desktop"],"size":34450},"media/panorama_4DC45D00_4199_CE4B_41C8_5209939A4B44_0/f/1/0_4.jpg":{"tags":["mobile","desktop"],"size":2936},"media/panorama_4DC45D00_4199_CE4B_41C8_5209939A4B44_0/l/0/11_10.jpg":{"tags":["mobile","desktop"],"size":1185},"media/panorama_4DC45D00_4199_CE4B_41C8_5209939A4B44_0/b/0/7_7.jpg":{"tags":["mobile","desktop"],"size":8149},"media/panorama_4DC45D00_4199_CE4B_41C8_5209939A4B44_0/l/0/10_4.jpg":{"tags":["mobile","desktop"],"size":1185},"skin/IconButton_570E2E34_5EBE_63DE_41CF_DC0B2946505D_pressed.png":{"size":927},"skin/IconButton_570E2E34_5EBE_63DE_41D3_A0CB69EBDE25.png":{"size":1013},"media/panorama_4DC45D00_4199_CE4B_41C8_5209939A4B44_0/f/0/10_4.jpg":{"tags":["mobile","desktop"],"size":1185},"media/panorama_4DC45D00_4199_CE4B_41C8_5209939A4B44_0/b/0/4_0.jpg":{"tags":["mobile","desktop"],"size":29812},"media/panorama_4DC45D00_4199_CE4B_41C8_5209939A4B44_0/r/0/11_1.jpg":{"tags":["mobile","desktop"],"size":1185},"skin/IconButton_570E2E34_5EBE_63DE_41D0_8EA6B8C16A08.png":{"size":1004},"media/panorama_4DC45D00_4199_CE4B_41C8_5209939A4B44_0/r/0/2_7.jpg":{"tags":["mobile","desktop"],"size":30140},"media/panorama_4DC45D00_4199_CE4B_41C8_5209939A4B44_0/l/0/4_6.jpg":{"tags":["mobile","desktop"],"size":33651},"media/panorama_4DC45D00_4199_CE4B_41C8_5209939A4B44_0/f/0/8_1.jpg":{"tags":["mobile","desktop"],"size":30709},"media/panorama_4DC45D00_4199_CE4B_41C8_5209939A4B44_0/l/0/11_4.jpg":{"tags":["mobile","desktop"],"size":1185},"media/panorama_4DC45D00_4199_CE4B_41C8_5209939A4B44_0/f/0/6_5.jpg":{"tags":["mobile","desktop"],"size":26866},"media/panorama_4DC45D00_4199_CE4B_41C8_5209939A4B44_0/b/0/3_10.jpg":{"tags":["mobile","desktop"],"size":27774},"media/panorama_4DC45D00_4199_CE4B_41C8_5209939A4B44_0/f/1/3_1.jpg":{"tags":["mobile","desktop"],"size":31761},"media/panorama_4DC45D00_4199_CE4B_41C8_5209939A4B44_0/r/0/2_8.jpg":{"tags":["mobile","desktop"],"size":34886},"media/panorama_4DC45D00_4199_CE4B_41C8_5209939A4B44_0/b/0/4_10.jpg":{"tags":["mobile","desktop"],"size":29900},"media/panorama_4DC45D00_4199_CE4B_41C8_5209939A4B44_0/f/0/5_0.jpg":{"tags":["mobile","desktop"],"size":35683},"media/panorama_4DC45D00_4199_CE4B_41C8_5209939A4B44_0/b/0/0_11.jpg":{"tags":["mobile","desktop"],"size":2173},"media/panorama_4DC45D00_4199_CE4B_41C8_5209939A4B44_0/r/0/5_3.jpg":{"tags":["mobile","desktop"],"size":44793},"media/panorama_4DC45D00_4199_CE4B_41C8_5209939A4B44_0/b/1/5_3.jpg":{"tags":["mobile","desktop"],"size":1185},"media/panorama_4DC45D00_4199_CE4B_41C8_5209939A4B44_0/l/0/9_4.jpg":{"tags":["mobile","desktop"],"size":19723},"media/panorama_4DC45D00_4199_CE4B_41C8_5209939A4B44_0/r/0/5_6.jpg":{"tags":["mobile","desktop"],"size":33186},"media/panorama_4DC45D00_4199_CE4B_41C8_5209939A4B44_0/b/3/1_0.jpg":{"tags":["mobile","desktop"],"size":31420},"media/panorama_4DC45D00_4199_CE4B_41C8_5209939A4B44_0/l/2/2_2.jpg":{"tags":["mobile","desktop"],"size":24201},"media/panorama_4DC45D00_4199_CE4B_41C8_5209939A4B44_0/b/0/6_4.jpg":{"tags":["mobile","desktop"],"size":17188},"media/panorama_4DC45D00_4199_CE4B_41C8_5209939A4B44_0/l/0/0_5.jpg":{"tags":["mobile","desktop"],"size":1185},"media/panorama_4DC45D00_4199_CE4B_41C8_5209939A4B44_0/l/4/0_0.jpg":{"size":47394},"media/panorama_4DC45D00_4199_CE4B_41C8_5209939A4B44_0/f/1/2_4.jpg":{"tags":["mobile","desktop"],"size":55314},"media/panorama_4DC45D00_4199_CE4B_41C8_5209939A4B44_0/l/0/10_8.jpg":{"tags":["mobile","desktop"],"size":1867},"skin/IconButton_570E2E34_5EBE_63DE_41B8_BB2B515545D1.png":{"size":812},"media/panorama_4DC45D00_4199_CE4B_41C8_5209939A4B44_0/l/0/1_4.jpg":{"tags":["mobile","desktop"],"size":1185},"media/panorama_4DC45D00_4199_CE4B_41C8_5209939A4B44_0/l/1/5_0.jpg":{"tags":["mobile","desktop"],"size":13775},"media/panorama_4DC45D00_4199_CE4B_41C8_5209939A4B44_0/b/0/7_10.jpg":{"tags":["mobile","desktop"],"size":12443},"media/panorama_4DC45D00_4199_CE4B_41C8_5209939A4B44_0/r/0/5_1.jpg":{"tags":["mobile","desktop"],"size":36954},"media/panorama_4DC45D00_4199_CE4B_41C8_5209939A4B44_0/b/0/11_9.jpg":{"tags":["mobile","desktop"],"size":1185},"media/panorama_4DC45D00_4199_CE4B_41C8_5209939A4B44_0/f/0/8_3.jpg":{"tags":["mobile","desktop"],"size":33392},"media/panorama_4DC45D00_4199_CE4B_41C8_5209939A4B44_0/b/0/3_8.jpg":{"tags":["mobile","desktop"],"size":37953},"media/panorama_4DC45D00_4199_CE4B_41C8_5209939A4B44_0/b/0/11_11.jpg":{"tags":["mobile","desktop"],"size":2198},"media/panorama_4DC45D00_4199_CE4B_41C8_5209939A4B44_0/f/0/10_9.jpg":{"tags":["mobile","desktop"],"size":9644},"media/panorama_4DC45D00_4199_CE4B_41C8_5209939A4B44_0/f/0/3_6.jpg":{"tags":["mobile","desktop"],"size":36728},"media/panorama_4DC45D00_4199_CE4B_41C8_5209939A4B44_0/f/0/2_7.jpg":{"tags":["mobile","desktop"],"size":35351},"media/panorama_4DC45D00_4199_CE4B_41C8_5209939A4B44_0/f/1/2_2.jpg":{"tags":["mobile","desktop"],"size":45661},"media/panorama_4DC45D00_4199_CE4B_41C8_5209939A4B44_0/l/0/3_10.jpg":{"tags":["mobile","desktop"],"size":42367},"media/panorama_4DC45D00_4199_CE4B_41C8_5209939A4B44_0/b/0/5_3.jpg":{"tags":["mobile","desktop"],"size":31503},"media/panorama_4DC45D00_4199_CE4B_41C8_5209939A4B44_0/b/0/4_8.jpg":{"tags":["mobile","desktop"],"size":30066},"media/panorama_4DC45D00_4199_CE4B_41C8_5209939A4B44_0/r/0/7_9.jpg":{"tags":["mobile","desktop"],"size":24475},"lib/cursors/S.cur":{"size":3542},"media/panorama_4DC45D00_4199_CE4B_41C8_5209939A4B44_0/b/1/5_4.jpg":{"tags":["mobile","desktop"],"size":3689},"media/panorama_4DC45D00_4199_CE4B_41C8_5209939A4B44_0/l/0/9_0.jpg":{"tags":["mobile","desktop"],"size":30228},"media/panorama_4DC45D00_4199_CE4B_41C8_5209939A4B44_0/l/0/3_11.jpg":{"tags":["mobile","desktop"],"size":44683},"media/panorama_4DC45D00_4199_CE4B_41C8_5209939A4B44_0/b/0/0_2.jpg":{"tags":["mobile","desktop"],"size":1185},"media/panorama_4DC45D00_4199_CE4B_41C8_5209939A4B44_0/b/0/0_1.jpg":{"tags":["mobile","desktop"],"size":1185},"media/panorama_4DC45D00_4199_CE4B_41C8_5209939A4B44_0/r/0/9_9.jpg":{"tags":["mobile","desktop"],"size":30299},"media/panorama_4DC45D00_4199_CE4B_41C8_5209939A4B44_0/b/0/2_1.jpg":{"tags":["mobile","desktop"],"size":3041},"media/panorama_4DC45D00_4199_CE4B_41C8_5209939A4B44_0/l/0/3_8.jpg":{"tags":["mobile","desktop"],"size":63469},"skin/IconButton_570E2E34_5EBE_63DE_41D0_8EA6B8C16A08_rollover.png":{"size":990},"media/panorama_4DC45D00_4199_CE4B_41C8_5209939A4B44_0/b/0/9_3.jpg":{"tags":["mobile","desktop"],"size":31095},"media/panorama_4DC45D00_4199_CE4B_41C8_5209939A4B44_0/l/0/4_9.jpg":{"tags":["mobile","desktop"],"size":52755},"misc/icon150.png":{"size":16638},"media/panorama_4DC45D00_4199_CE4B_41C8_5209939A4B44_0/b/0/9_9.jpg":{"tags":["mobile","desktop"],"size":31885},"media/panorama_4DC45D00_4199_CE4B_41C8_5209939A4B44_0/b/0/8_8.jpg":{"tags":["mobile","desktop"],"size":15888},"media/panorama_4DC45D00_4199_CE4B_41C8_5209939A4B44_0/l/0/2_6.jpg":{"tags":["mobile","desktop"],"size":3488},"media/panorama_4DC45D00_4199_CE4B_41C8_5209939A4B44_0/l/0/2_1.jpg":{"tags":["mobile","desktop"],"size":40131},"media/panorama_4DC45D00_4199_CE4B_41C8_5209939A4B44_0/f/1/2_0.jpg":{"tags":["mobile","desktop"],"size":57916},"media/panorama_4DC45D00_4199_CE4B_41C8_5209939A4B44_0/l/1/3_1.jpg":{"tags":["mobile","desktop"],"size":25207},"media/panorama_4DC45D00_4199_CE4B_41C8_5209939A4B44_0/r/2/2_2.jpg":{"tags":["mobile","desktop"],"size":26277},"media/panorama_4DC45D00_4199_CE4B_41C8_5209939A4B44_0/f/0/6_9.jpg":{"tags":["mobile","desktop"],"size":29086},"media/panorama_4DC45D00_4199_CE4B_41C8_5209939A4B44_0/f/0/2_0.jpg":{"tags":["mobile","desktop"],"size":35974},"media/panorama_4DC45D00_4199_CE4B_41C8_5209939A4B44_0/b/0/11_0.jpg":{"tags":["mobile","desktop"],"size":2349},"media/panorama_4DC45D00_4199_CE4B_41C8_5209939A4B44_0/f/0/6_10.jpg":{"tags":["mobile","desktop"],"size":21986},"media/panorama_4DC45D00_4199_CE4B_41C8_5209939A4B44_0/l/0/4_1.jpg":{"tags":["mobile","desktop"],"size":28013},"media/panorama_4DC45D00_4199_CE4B_41C8_5209939A4B44_0/b/0/9_11.jpg":{"tags":["mobile","desktop"],"size":26513},"media/panorama_4DC45D00_4199_CE4B_41C8_5209939A4B44_0/b/0/2_4.jpg":{"tags":["mobile","desktop"],"size":33273},"media/panorama_4DC45D00_4199_CE4B_41C8_5209939A4B44_0/f/1/3_0.jpg":{"tags":["mobile","desktop"],"size":29320},"media/panorama_4DC45D00_4199_CE4B_41C8_5209939A4B44_0/r/0/7_3.jpg":{"tags":["mobile","desktop"],"size":26990},"media/panorama_4DC45D00_4199_CE4B_41C8_5209939A4B44_0/l/0/6_10.jpg":{"tags":["mobile","desktop"],"size":15891},"media/panorama_4DC45D00_4199_CE4B_41C8_5209939A4B44_0/l/0/7_10.jpg":{"tags":["mobile","desktop"],"size":22022},"media/panorama_4DC45D00_4199_CE4B_41C8_5209939A4B44_0/f/0/8_11.jpg":{"tags":["mobile","desktop"],"size":29853},"media/panorama_4DC45D00_4199_CE4B_41C8_5209939A4B44_0/r/0/8_1.jpg":{"tags":["mobile","desktop"],"size":28597},"media/panorama_4DC45D00_4199_CE4B_41C8_5209939A4B44_0/b/0/4_3.jpg":{"tags":["mobile","desktop"],"size":33915},"media/panorama_4DC45D00_4199_CE4B_41C8_5209939A4B44_0/r/1/3_1.jpg":{"tags":["mobile","desktop"],"size":43040},"media/panorama_4DC45D00_4199_CE4B_41C8_5209939A4B44_0/b/0/8_9.jpg":{"tags":["mobile","desktop"],"size":12382},"media/panorama_4DC45D00_4199_CE4B_41C8_5209939A4B44_0/f/0/3_8.jpg":{"tags":["mobile","desktop"],"size":18169},"media/panorama_4DC45D00_4199_CE4B_41C8_5209939A4B44_0/b/0/7_6.jpg":{"tags":["mobile","desktop"],"size":5815},"media/panorama_4DC45D00_4199_CE4B_41C8_5209939A4B44_0/b/0/3_1.jpg":{"tags":["mobile","desktop"],"size":1184},"media/panorama_4DC45D00_4199_CE4B_41C8_5209939A4B44_0/r/0/9_6.jpg":{"tags":["mobile","desktop"],"size":21586},"media/panorama_4DC45D00_4199_CE4B_41C8_5209939A4B44_0/r/1/2_4.jpg":{"tags":["mobile","desktop"],"size":45543},"media/panorama_4DC45D00_4199_CE4B_41C8_5209939A4B44_0/f/0/10_6.jpg":{"tags":["mobile","desktop"],"size":1185},"media/panorama_4DC45D00_4199_CE4B_41C8_5209939A4B44_0/l/0/11_3.jpg":{"tags":["mobile","desktop"],"size":1185},"media/panorama_4DC45D00_4199_CE4B_41C8_5209939A4B44_0/l/2/1_0.jpg":{"tags":["mobile","desktop"],"size":44164},"media/panorama_4DC45D00_4199_CE4B_41C8_5209939A4B44_0/l/0/6_9.jpg":{"tags":["mobile","desktop"],"size":20501},"media/panorama_4DC45D00_4199_CE4B_41C8_5209939A4B44_0/l/0/6_6.jpg":{"tags":["mobile","desktop"],"size":19619},"media/panorama_4DC45D00_4199_CE4B_41C8_5209939A4B44_0/b/0/11_8.jpg":{"tags":["mobile","desktop"],"size":1185},"media/panorama_4DC45D00_4199_CE4B_41C8_5209939A4B44_0/b/0/6_5.jpg":{"tags":["mobile","desktop"],"size":12602},"media/panorama_4DC45D00_4199_CE4B_41C8_5209939A4B44_0/b/1/0_4.jpg":{"tags":["mobile","desktop"],"size":3622},"media/panorama_4DC45D00_4199_CE4B_41C8_5209939A4B44_0/b/0/6_1.jpg":{"tags":["mobile","desktop"],"size":32005},"media/panorama_4DC45D00_4199_CE4B_41C8_5209939A4B44_0/f/0/10_11.jpg":{"tags":["mobile","desktop"],"size":29228},"media/panorama_4DC45D00_4199_CE4B_41C8_5209939A4B44_0/f/0/4_11.jpg":{"tags":["mobile","desktop"],"size":38388},"media/panorama_4DC45D00_4199_CE4B_41C8_5209939A4B44_0/b/1/1_4.jpg":{"tags":["mobile","desktop"],"size":50283},"misc/icon192.png":{"size":24549},"media/panorama_4DC45D00_4199_CE4B_41C8_5209939A4B44_0/f/0/10_8.jpg":{"tags":["mobile","desktop"],"size":1866},"media/panorama_4DC45D00_4199_CE4B_41C8_5209939A4B44_0/r/0/7_0.jpg":{"tags":["mobile","desktop"],"size":20538},"media/panorama_4DC45D00_4199_CE4B_41C8_5209939A4B44_0/l/1/5_1.jpg":{"tags":["mobile","desktop"],"size":3945},"media/panorama_4DC45D00_4199_CE4B_41C8_5209939A4B44_0/r/0/11_4.jpg":{"tags":["mobile","desktop"],"size":1185},"media/panorama_4DC45D00_4199_CE4B_41C8_5209939A4B44_0/b/0/10_7.jpg":{"tags":["mobile","desktop"],"size":1185},"media/panorama_4DC45D00_4199_CE4B_41C8_5209939A4B44_0/l/0/4_0.jpg":{"tags":["mobile","desktop"],"size":26068},"media/panorama_4DC45D00_4199_CE4B_41C8_5209939A4B44_0/f/0/4_8.jpg":{"tags":["mobile","desktop"],"size":30910},"media/panorama_4DC45D00_4199_CE4B_41C8_5209939A4B44_0/r/2/0_1.jpg":{"tags":["mobile","desktop"],"size":27122},"media/panorama_4DC45D00_4199_CE4B_41C8_5209939A4B44_0/b/0/0_4.jpg":{"tags":["mobile","desktop"],"size":1185},"media/panorama_4DC45D00_4199_CE4B_41C8_5209939A4B44_0/r/0/3_1.jpg":{"tags":["mobile","desktop"],"size":31170},"media/panorama_4DC45D00_4199_CE4B_41C8_5209939A4B44_0/b/2/1_1.jpg":{"tags":["mobile","desktop"],"size":29192},"media/panorama_4DC45D00_4199_CE4B_41C8_5209939A4B44_0/r/0/7_6.jpg":{"tags":["mobile","desktop"],"size":28635},"media/panorama_4DC45D00_4199_CE4B_41C8_5209939A4B44_0/f/0/2_2.jpg":{"tags":["mobile","desktop"],"size":26007},"skin/IconButton_570E2E34_5EBE_63DE_41C1_73844A18216B.png":{"size":930},"media/panorama_4DC45D00_4199_CE4B_41C8_5209939A4B44_0/f/0/11_8.jpg":{"tags":["mobile","desktop"],"size":1185},"media/panorama_4DC45D00_4199_CE4B_41C8_5209939A4B44_0/f/0/2_3.jpg":{"tags":["mobile","desktop"],"size":29244},"media/panorama_4DC45D00_4199_CE4B_41C8_5209939A4B44_0/r/0/11_8.jpg":{"tags":["mobile","desktop"],"size":1185},"media/panorama_4DC45D00_4199_CE4B_41C8_5209939A4B44_0/b/2/2_1.jpg":{"tags":["mobile","desktop"],"size":12787},"media/panorama_4DC45D00_4199_CE4B_41C8_5209939A4B44_0/r/0/4_6.jpg":{"tags":["mobile","desktop"],"size":34640},"media/panorama_4DC45D00_4199_CE4B_41C8_5209939A4B44_0/l/0/8_1.jpg":{"tags":["mobile","desktop"],"size":20608},"media/panorama_4DC45D00_4199_CE4B_41C8_5209939A4B44_0/r/0/3_8.jpg":{"tags":["mobile","desktop"],"size":32688},"media/panorama_4DC45D00_4199_CE4B_41C8_5209939A4B44_0/b/1/5_0.jpg":{"tags":["mobile","desktop"],"size":15965},"media/panorama_4DC45D00_4199_CE4B_41C8_5209939A4B44_0/f/2/0_1.jpg":{"tags":["mobile","desktop"],"size":33716},"media/panorama_4DC45D00_4199_CE4B_41C8_5209939A4B44_0/b/1/1_1.jpg":{"tags":["mobile","desktop"],"size":19000},"media/panorama_4DC45D00_4199_CE4B_41C8_5209939A4B44_0/f/0/1_2.jpg":{"tags":["mobile","desktop"],"size":7474},"media/panorama_4DC45D00_4199_CE4B_41C8_5209939A4B44_0/l/0/11_9.jpg":{"tags":["mobile","desktop"],"size":1185},"media/panorama_4DC45D00_4199_CE4B_41C8_5209939A4B44_0/f/0/8_7.jpg":{"tags":["mobile","desktop"],"size":29798},"media/panorama_4DC45D00_4199_CE4B_41C8_5209939A4B44_0/r/1/0_0.jpg":{"tags":["mobile","desktop"],"size":16800},"media/panorama_4DC45D00_4199_CE4B_41C8_5209939A4B44_0/f/0/9_1.jpg":{"tags":["mobile","desktop"],"size":31237},"media/panorama_4DC45D00_4199_CE4B_41C8_5209939A4B44_0/l/0/8_4.jpg":{"tags":["mobile","desktop"],"size":32355},"media/panorama_4DC45D00_4199_CE4B_41C8_5209939A4B44_0/b/0/4_1.jpg":{"tags":["mobile","desktop"],"size":26598},"media/panorama_4DC45D00_4199_CE4B_41C8_5209939A4B44_0/b/0/9_8.jpg":{"tags":["mobile","desktop"],"size":26889},"media/panorama_4DC45D00_4199_CE4B_41C8_5209939A4B44_0/b/0/5_2.jpg":{"tags":["mobile","desktop"],"size":29355},"media/panorama_4DC45D00_4199_CE4B_41C8_5209939A4B44_0/b/0/7_5.jpg":{"tags":["mobile","desktop"],"size":14647},"media/panorama_4DC45D00_4199_CE4B_41C8_5209939A4B44_0/b/0/11_10.jpg":{"tags":["mobile","desktop"],"size":1185},"media/panorama_4DC45D00_4199_CE4B_41C8_5209939A4B44_0/r/1/4_1.jpg":{"tags":["mobile","desktop"],"size":30018},"media/panorama_4DC45D00_4199_CE4B_41C8_5209939A4B44_0/r/0/1_3.jpg":{"tags":["mobile","desktop"],"size":1835},"media/panorama_4DC45D00_4199_CE4B_41C8_5209939A4B44_0/r/1/5_2.jpg":{"tags":["mobile","desktop"],"size":1185},"lib/cursors/grab.cur":{"size":326},"media/panorama_4DC45D00_4199_CE4B_41C8_5209939A4B44_0/b/0/1_3.jpg":{"tags":["mobile","desktop"],"size":1858},"media/panorama_4DC45D00_4199_CE4B_41C8_5209939A4B44_0/l/1/1_2.jpg":{"tags":["mobile","desktop"],"size":19751},"media/panorama_4DC45D00_4199_CE4B_41C8_5209939A4B44_0/f/0/4_9.jpg":{"tags":["mobile","desktop"],"size":49100},"media/panorama_4DC45D00_4199_CE4B_41C8_5209939A4B44_0/f/0/7_10.jpg":{"tags":["mobile","desktop"],"size":22828},"media/panorama_4DC45D00_4199_CE4B_41C8_5209939A4B44_0/l/0/2_2.jpg":{"tags":["mobile","desktop"],"size":41624},"media/panorama_4DC45D00_4199_CE4B_41C8_5209939A4B44_0/l/0/1_2.jpg":{"tags":["mobile","desktop"],"size":8713},"media/panorama_4DC45D00_4199_CE4B_41C8_5209939A4B44_0/l/0/11_1.jpg":{"tags":["mobile","desktop"],"size":1185},"media/panorama_4DC45D00_4199_CE4B_41C8_5209939A4B44_0/r/0/1_1.jpg":{"tags":["mobile","desktop"],"size":20680},"media/panorama_4DC45D00_4199_CE4B_41C8_5209939A4B44_0/l/0/8_10.jpg":{"tags":["mobile","desktop"],"size":22968},"media/panorama_4DC45D00_4199_CE4B_41C8_5209939A4B44_0/b/0/6_9.jpg":{"tags":["mobile","desktop"],"size":12729},"media/panorama_4DC45D00_4199_CE4B_41C8_5209939A4B44_0/l/0/4_8.jpg":{"tags":["mobile","desktop"],"size":72042},"media/panorama_4DC45D00_4199_CE4B_41C8_5209939A4B44_0/l/0/0_2.jpg":{"tags":["mobile","desktop"],"size":1185},"media/panorama_4DC45D00_4199_CE4B_41C8_5209939A4B44_0/l/0/2_5.jpg":{"tags":["mobile","desktop"],"size":2353},"media/panorama_4DC45D00_4199_CE4B_41C8_5209939A4B44_0/r/3/0_0.jpg":{"tags":["mobile","desktop"],"size":43634},"media/panorama_4DC45D00_4199_CE4B_41C8_5209939A4B44_0/b/0/11_7.jpg":{"tags":["mobile","desktop"],"size":1185},"media/panorama_4DC45D00_4199_CE4B_41C8_5209939A4B44_0/l/0/3_6.jpg":{"tags":["mobile","desktop"],"size":2826},"media/panorama_4DC45D00_4199_CE4B_41C8_5209939A4B44_0/l/0/1_8.jpg":{"tags":["mobile","desktop"],"size":1854},"media/panorama_4DC45D00_4199_CE4B_41C8_5209939A4B44_0/b/0/3_7.jpg":{"tags":["mobile","desktop"],"size":35635},"media/panorama_4DC45D00_4199_CE4B_41C8_5209939A4B44_0/f/1/0_2.jpg":{"tags":["mobile","desktop"],"size":1185},"media/panorama_4DC45D00_4199_CE4B_41C8_5209939A4B44_0/b/0/1_9.jpg":{"tags":["mobile","desktop"],"size":6587},"media/panorama_4DC45D00_4199_CE4B_41C8_5209939A4B44_0/r/0/2_2.jpg":{"tags":["mobile","desktop"],"size":36404},"media/panorama_4DC45D00_4199_CE4B_41C8_5209939A4B44_0/l/0/6_0.jpg":{"tags":["mobile","desktop"],"size":13657},"media/panorama_4DC45D00_4199_CE4B_41C8_5209939A4B44_0/r/1/4_3.jpg":{"tags":["mobile","desktop"],"size":30871},"media/panorama_4DC45D00_4199_CE4B_41C8_5209939A4B44_0/b/0/3_0.jpg":{"tags":["mobile","desktop"],"size":19413},"media/panorama_4DC45D00_4199_CE4B_41C8_5209939A4B44_0/f/1/5_0.jpg":{"tags":["mobile","desktop"],"size":16426},"media/panorama_4DC45D00_4199_CE4B_41C8_5209939A4B44_0/f/0/0_3.jpg":{"tags":["mobile","desktop"],"size":1185},"media/panorama_4DC45D00_4199_CE4B_41C8_5209939A4B44_0/f/0/0_0.jpg":{"tags":["mobile","desktop"],"size":2322},"media/panorama_4DC45D00_4199_CE4B_41C8_5209939A4B44_0/b/0/10_11.jpg":{"tags":["mobile","desktop"],"size":24190},"media/panorama_4DC45D00_4199_CE4B_41C8_5209939A4B44_0/r/0/5_2.jpg":{"tags":["mobile","desktop"],"size":42054},"media/panorama_4DC45D00_4199_CE4B_41C8_5209939A4B44_0/r/0/8_11.jpg":{"tags":["mobile","desktop"],"size":27450},"media/panorama_4DC45D00_4199_CE4B_41C8_5209939A4B44_0/l/0/9_3.jpg":{"tags":["mobile","desktop"],"size":26574},"media/panorama_4DC45D00_4199_CE4B_41C8_5209939A4B44_0/b/0/1_2.jpg":{"tags":["mobile","desktop"],"size":4644},"media/panorama_4DC45D00_4199_CE4B_41C8_5209939A4B44_0/b/1/1_3.jpg":{"tags":["mobile","desktop"],"size":35891},"media/panorama_4DC45D00_4199_CE4B_41C8_5209939A4B44_0/l/0/10_7.jpg":{"tags":["mobile","desktop"],"size":1185},"media/panorama_4DC45D00_4199_CE4B_41C8_5209939A4B44_0/r/0/8_10.jpg":{"tags":["mobile","desktop"],"size":25095},"media/panorama_4DC45D00_4199_CE4B_41C8_5209939A4B44_0/l/0/8_8.jpg":{"tags":["mobile","desktop"],"size":30665},"media/panorama_4DC45D00_4199_CE4B_41C8_5209939A4B44_0/b/0/10_3.jpg":{"tags":["mobile","desktop"],"size":1865},"media/panorama_4DC45D00_4199_CE4B_41C8_5209939A4B44_0/f/vr/0.jpg":{"tags":"mobilevr","size":333238},"media/panorama_4DC45D00_4199_CE4B_41C8_5209939A4B44_0/l/2/0_1.jpg":{"tags":["mobile","desktop"],"size":10045},"media/panorama_4DC45D00_4199_CE4B_41C8_5209939A4B44_0/b/0/8_1.jpg":{"tags":["mobile","desktop"],"size":39850},"media/panorama_4DC45D00_4199_CE4B_41C8_5209939A4B44_0/f/2/2_1.jpg":{"tags":["mobile","desktop"],"size":21060},"media/panorama_4DC45D00_4199_CE4B_41C8_5209939A4B44_0/b/0/6_7.jpg":{"tags":["mobile","desktop"],"size":8965},"media/panorama_4DC45D00_4199_CE4B_41C8_5209939A4B44_0/f/0/6_4.jpg":{"tags":["mobile","desktop"],"size":22063},"media/panorama_4DC45D00_4199_CE4B_41C8_5209939A4B44_0/r/0/3_4.jpg":{"tags":["mobile","desktop"],"size":29443},"media/panorama_4DC45D00_4199_CE4B_41C8_5209939A4B44_0/b/0/1_1.jpg":{"tags":["mobile","desktop"],"size":5205},"media/panorama_4DC45D00_4199_CE4B_41C8_5209939A4B44_0/r/0/1_5.jpg":{"tags":["mobile","desktop"],"size":1185},"media/panorama_4DC45D00_4199_CE4B_41C8_5209939A4B44_0/r/0/9_10.jpg":{"tags":["mobile","desktop"],"size":25320},"media/panorama_4DC45D00_4199_CE4B_41C8_5209939A4B44_0/f/1/1_1.jpg":{"tags":["mobile","desktop"],"size":47242},"media/panorama_4DC45D00_4199_CE4B_41C8_5209939A4B44_0/f/0/1_9.jpg":{"tags":["mobile","desktop"],"size":4583},"media/panorama_4DC45D00_4199_CE4B_41C8_5209939A4B44_0/l/1/0_2.jpg":{"tags":["mobile","desktop"],"size":1185},"media/panorama_4DC45D00_4199_CE4B_41C8_5209939A4B44_0/b/0/8_11.jpg":{"tags":["mobile","desktop"],"size":12523},"media/panorama_4DC45D00_4199_CE4B_41C8_5209939A4B44_0/f/0/4_5.jpg":{"tags":["mobile","desktop"],"size":46790},"media/panorama_4DC45D00_4199_CE4B_41C8_5209939A4B44_0/l/0/3_2.jpg":{"tags":["mobile","desktop"],"size":19937},"media/panorama_4DC45D00_4199_CE4B_41C8_5209939A4B44_0/r/2/0_2.jpg":{"tags":["mobile","desktop"],"size":28144},"media/panorama_4DC45D00_4199_CE4B_41C8_5209939A4B44_0/f/0/3_3.jpg":{"tags":["mobile","desktop"],"size":44632},"media/panorama_4DC45D00_4199_CE4B_41C8_5209939A4B44_0/b/0/10_0.jpg":{"tags":["mobile","desktop"],"size":26146},"media/panorama_4DC45D00_4199_CE4B_41C8_5209939A4B44_0/f/1/1_0.jpg":{"tags":["mobile","desktop"],"size":48974},"media/panorama_4DC45D00_4199_CE4B_41C8_5209939A4B44_0/l/2/1_2.jpg":{"tags":["mobile","desktop"],"size":54973},"media/panorama_4DC45D00_4199_CE4B_41C8_5209939A4B44_0/b/1/1_2.jpg":{"tags":["mobile","desktop"],"size":41870},"media/panorama_4DC45D00_4199_CE4B_41C8_5209939A4B44_0/f/2/2_0.jpg":{"tags":["mobile","desktop"],"size":28226},"media/panorama_4DC45D00_4199_CE4B_41C8_5209939A4B44_0/l/0/4_5.jpg":{"tags":["mobile","desktop"],"size":37097},"lib/cursors/FSE.cur":{"size":4526},"media/panorama_4DC45D00_4199_CE4B_41C8_5209939A4B44_0/r/0/4_3.jpg":{"tags":["mobile","desktop"],"size":40549},"media/panorama_4DC45D00_4199_CE4B_41C8_5209939A4B44_0/r/0/0_8.jpg":{"tags":["mobile","desktop"],"size":1185},"media/panorama_4DC45D00_4199_CE4B_41C8_5209939A4B44_0/l/0/10_10.jpg":{"tags":["mobile","desktop"],"size":16866},"media/panorama_4DC45D00_4199_CE4B_41C8_5209939A4B44_0/f/0/11_1.jpg":{"tags":["mobile","desktop"],"size":1185},"skin/IconButton_570E2E34_5EBE_63DE_41BF_4A1E5F2D40AB_pressed.png":{"size":895},"media/panorama_4DC45D00_4199_CE4B_41C8_5209939A4B44_0/r/1/4_2.jpg":{"tags":["mobile","desktop"],"size":31111},"media/panorama_4DC45D00_4199_CE4B_41C8_5209939A4B44_0/f/0/5_7.jpg":{"tags":["mobile","desktop"],"size":41120},"favicon.ico":{"size":5011},"media/panorama_4DC45D00_4199_CE4B_41C8_5209939A4B44_0/f/1/5_5.jpg":{"tags":["mobile","desktop"],"size":16053},"media/panorama_4DC45D00_4199_CE4B_41C8_5209939A4B44_0/b/1/2_1.jpg":{"tags":["mobile","desktop"],"size":42259},"media/panorama_4DC45D00_4199_CE4B_41C8_5209939A4B44_0/f/0/0_7.jpg":{"tags":["mobile","desktop"],"size":1185},"media/panorama_4DC45D00_4199_CE4B_41C8_5209939A4B44_0/f/0/11_7.jpg":{"tags":["mobile","desktop"],"size":1185},"media/panorama_4DC45D00_4199_CE4B_41C8_5209939A4B44_0/f/0/6_8.jpg":{"tags":["mobile","desktop"],"size":34115},"media/panorama_4DC45D00_4199_CE4B_41C8_5209939A4B44_0/l/0/8_9.jpg":{"tags":["mobile","desktop"],"size":27331},"media/panorama_4DC45D00_4199_CE4B_41C8_5209939A4B44_0/r/0/10_7.jpg":{"tags":["mobile","desktop"],"size":1185},"media/panorama_4DC45D00_4199_CE4B_41C8_5209939A4B44_0/r/0/3_5.jpg":{"tags":["mobile","desktop"],"size":38334},"media/panorama_4DC45D00_4199_CE4B_41C8_5209939A4B44_0/b/0/0_7.jpg":{"tags":["mobile","desktop"],"size":1185},"media/panorama_4DC45D00_4199_CE4B_41C8_5209939A4B44_0/b/0/2_11.jpg":{"tags":["mobile","desktop"],"size":26073},"media/panorama_4DC45D00_4199_CE4B_41C8_5209939A4B44_0/l/0/9_10.jpg":{"tags":["mobile","desktop"],"size":26331},"media/panorama_4DC45D00_4199_CE4B_41C8_5209939A4B44_0/f/0/2_9.jpg":{"tags":["mobile","desktop"],"size":5367},"index.htm":{"size":13150},"lib/Hls.js":{"size":252957},"media/panorama_4DC45D00_4199_CE4B_41C8_5209939A4B44_0/l/1/2_1.jpg":{"tags":["mobile","desktop"],"size":45037},"browserconfig.xml":{"size":242},"media/panorama_4DC45D00_4199_CE4B_41C8_5209939A4B44_0/r/1/0_5.jpg":{"tags":["mobile","desktop"],"size":9925},"media/panorama_4DC45D00_4199_CE4B_41C8_5209939A4B44_0/b/3/1_1.jpg":{"tags":["mobile","desktop"],"size":21454},"lib/cursors/FSW.cur":{"size":4526},"lib/cursors/W.cur":{"size":3542},"media/panorama_4DC45D00_4199_CE4B_41C8_5209939A4B44_0/f/3/0_1.jpg":{"tags":["mobile","desktop"],"size":40553},"media/panorama_4DC45D00_4199_CE4B_41C8_5209939A4B44_0/b/0/10_1.jpg":{"tags":["mobile","desktop"],"size":18581},"media/panorama_4DC45D00_4199_CE4B_41C8_5209939A4B44_0/f/0/9_5.jpg":{"tags":["mobile","desktop"],"size":25334},"media/panorama_4DC45D00_4199_CE4B_41C8_5209939A4B44_0/l/3/0_1.jpg":{"tags":["mobile","desktop"],"size":45413},"media/panorama_4DC45D00_4199_CE4B_41C8_5209939A4B44_0/r/0/1_7.jpg":{"tags":["mobile","desktop"],"size":1185},"media/panorama_4DC45D00_4199_CE4B_41C8_5209939A4B44_0/r/0/6_9.jpg":{"tags":["mobile","desktop"],"size":29170},"media/panorama_4DC45D00_4199_CE4B_41C8_5209939A4B44_0/l/0/6_4.jpg":{"tags":["mobile","desktop"],"size":17111},"skin/IconButton_570E2E34_5EBE_63DE_41B6_6A9E5D4DE6FA.png":{"size":1000},"media/panorama_4DC45D00_4199_CE4B_41C8_5209939A4B44_0/l/0/0_3.jpg":{"tags":["mobile","desktop"],"size":1185},"media/panorama_4DC45D00_4199_CE4B_41C8_5209939A4B44_0/r/0/6_0.jpg":{"tags":["mobile","desktop"],"size":19904},"skin/IconButton_570E2E34_5EBE_63DE_41D3_A0CB69EBDE25_rollover.png":{"size":1028},"media/panorama_4DC45D00_4199_CE4B_41C8_5209939A4B44_0/l/0/7_7.jpg":{"tags":["mobile","desktop"],"size":18831},"media/panorama_4DC45D00_4199_CE4B_41C8_5209939A4B44_0/f/1/0_3.jpg":{"tags":["mobile","desktop"],"size":1185},"skin/IconButton_570E2E34_5EBE_63DE_41BF_4A1E5F2D40AB.png":{"size":792},"media/panorama_4DC45D00_4199_CE4B_41C8_5209939A4B44_0/f/1/4_4.jpg":{"tags":["mobile","desktop"],"size":33813},"media/panorama_4DC45D00_4199_CE4B_41C8_5209939A4B44_0/r/4/0_0.jpg":{"size":43431},"media/panorama_4DC45D00_4199_CE4B_41C8_5209939A4B44_0/f/0/2_4.jpg":{"tags":["mobile","desktop"],"size":31437},"media/panorama_4DC45D00_4199_CE4B_41C8_5209939A4B44_0/r/0/0_4.jpg":{"tags":["mobile","desktop"],"size":1185},"media/panorama_4DC45D00_4199_CE4B_41C8_5209939A4B44_0/b/0/5_11.jpg":{"tags":["mobile","desktop"],"size":28049},"media/panorama_4DC45D00_4199_CE4B_41C8_5209939A4B44_0/b/2/0_0.jpg":{"tags":["mobile","desktop"],"size":14630},"media/panorama_4DC45D00_4199_CE4B_41C8_5209939A4B44_0/f/0/4_0.jpg":{"tags":["mobile","desktop"],"size":40152},"media/panorama_4DC45D00_4199_CE4B_41C8_5209939A4B44_0/b/0/0_3.jpg":{"tags":["mobile","desktop"],"size":1185},"media/panorama_4DC45D00_4199_CE4B_41C8_5209939A4B44_0/r/1/4_4.jpg":{"tags":["mobile","desktop"],"size":34954},"media/panorama_4DC45D00_4199_CE4B_41C8_5209939A4B44_0/l/3/1_0.jpg":{"tags":["mobile","desktop"],"size":32109},"media/panorama_4DC45D00_4199_CE4B_41C8_5209939A4B44_0/r/0/10_11.jpg":{"tags":["mobile","desktop"],"size":23857},"media/panorama_4DC45D00_4199_CE4B_41C8_5209939A4B44_0/f/0/1_1.jpg":{"tags":["mobile","desktop"],"size":10153},"media/panorama_4DC45D00_4199_CE4B_41C8_5209939A4B44_0/f/0/7_7.jpg":{"tags":["mobile","desktop"],"size":26178},"media/panorama_4DC45D00_4199_CE4B_41C8_5209939A4B44_0/b/1/5_1.jpg":{"tags":["mobile","desktop"],"size":4254},"media/panorama_4DC45D00_4199_CE4B_41C8_5209939A4B44_0/r/0/6_7.jpg":{"tags":["mobile","desktop"],"size":30432},"media/panorama_4DC45D00_4199_CE4B_41C8_5209939A4B44_0/r/0/2_10.jpg":{"tags":["mobile","desktop"],"size":22466},"media/panorama_4DC45D00_4199_CE4B_41C8_5209939A4B44_0/b/1/1_0.jpg":{"tags":["mobile","desktop"],"size":13951},"media/panorama_4DC45D00_4199_CE4B_41C8_5209939A4B44_0/l/0/6_8.jpg":{"tags":["mobile","desktop"],"size":23580},"media/panorama_4DC45D00_4199_CE4B_41C8_5209939A4B44_0/f/0/4_10.jpg":{"tags":["mobile","desktop"],"size":46644},"skin/IconButton_570E2E34_5EBE_63DE_41CF_DC0B2946505D.png":{"size":816},"media/panorama_4DC45D00_4199_CE4B_41C8_5209939A4B44_0/b/0/10_9.jpg":{"tags":["mobile","desktop"],"size":7050},"media/panorama_4DC45D00_4199_CE4B_41C8_5209939A4B44_0/l/1/4_0.jpg":{"tags":["mobile","desktop"],"size":35536},"media/panorama_4DC45D00_4199_CE4B_41C8_5209939A4B44_0/f/0/11_6.jpg":{"tags":["mobile","desktop"],"size":1185},"media/panorama_4DC45D00_4199_CE4B_41C8_5209939A4B44_0/b/1/3_0.jpg":{"tags":["mobile","desktop"],"size":45315},"media/panorama_4DC45D00_4199_CE4B_41C8_5209939A4B44_0/f/1/3_4.jpg":{"tags":["mobile","desktop"],"size":39566},"media/panorama_4DC45D00_4199_CE4B_41C8_5209939A4B44_0/f/0/3_1.jpg":{"tags":["mobile","desktop"],"size":34803},"media/panorama_4DC45D00_4199_CE4B_41C8_5209939A4B44_0/r/0/5_0.jpg":{"tags":["mobile","desktop"],"size":23199},"media/panorama_4DC45D00_4199_CE4B_41C8_5209939A4B44_0/b/0/8_0.jpg":{"tags":["mobile","desktop"],"size":34394},"media/panorama_4DC45D00_4199_CE4B_41C8_5209939A4B44_0/r/0/2_6.jpg":{"tags":["mobile","desktop"],"size":26482},"media/panorama_4DC45D00_4199_CE4B_41C8_5209939A4B44_0/r/1/2_3.jpg":{"tags":["mobile","desktop"],"size":41466},"media/panorama_4DC45D00_4199_CE4B_41C8_5209939A4B44_0/r/0/8_6.jpg":{"tags":["mobile","desktop"],"size":30695},"media/panorama_4DC45D00_4199_CE4B_41C8_5209939A4B44_0/b/1/2_2.jpg":{"tags":["mobile","desktop"],"size":41157},"media/panorama_4DC45D00_4199_CE4B_41C8_5209939A4B44_0/f/0/0_11.jpg":{"tags":["mobile","desktop"],"size":2325},"media/panorama_4DC45D00_4199_CE4B_41C8_5209939A4B44_0/r/0/6_6.jpg":{"tags":["mobile","desktop"],"size":34472},"media/panorama_4DC45D00_4199_CE4B_41C8_5209939A4B44_0/f/2/1_1.jpg":{"tags":["mobile","desktop"],"size":51562},"media/panorama_4DC45D00_4199_CE4B_41C8_5209939A4B44_0/b/0/5_7.jpg":{"tags":["mobile","desktop"],"size":25627},"media/panorama_4DC45D00_4199_CE4B_41C8_5209939A4B44_0/l/1/3_5.jpg":{"tags":["mobile","desktop"],"size":22715},"media/panorama_4DC45D00_4199_CE4B_41C8_5209939A4B44_0/l/0/6_5.jpg":{"tags":["mobile","desktop"],"size":19123},"media/panorama_4DC45D00_4199_CE4B_41C8_5209939A4B44_0/b/0/11_6.jpg":{"tags":["mobile","desktop"],"size":1185},"media/panorama_4DC45D00_4199_CE4B_41C8_5209939A4B44_0/l/0/4_2.jpg":{"tags":["mobile","desktop"],"size":32336},"media/panorama_4DC45D00_4199_CE4B_41C8_5209939A4B44_0/r/1/0_1.jpg":{"tags":["mobile","desktop"],"size":4478},"media/panorama_4DC45D00_4199_CE4B_41C8_5209939A4B44_0/f/3/1_0.jpg":{"tags":["mobile","desktop"],"size":32391},"media/panorama_4DC45D00_4199_CE4B_41C8_5209939A4B44_0/r/0/1_11.jpg":{"tags":["mobile","desktop"],"size":15255},"media/panorama_4DC45D00_4199_CE4B_41C8_5209939A4B44_0/b/0/6_3.jpg":{"tags":["mobile","desktop"],"size":30892},"media/panorama_4DC45D00_4199_CE4B_41C8_5209939A4B44_0/l/0/2_0.jpg":{"tags":["mobile","desktop"],"size":33275},"media/panorama_4DC45D00_4199_CE4B_41C8_5209939A4B44_0/b/0/7_4.jpg":{"tags":["mobile","desktop"],"size":19425},"media/panorama_4DC45D00_4199_CE4B_41C8_5209939A4B44_0/r/0/1_2.jpg":{"tags":["mobile","desktop"],"size":9485},"media/panorama_4DC45D00_4199_CE4B_41C8_5209939A4B44_0/b/0/2_9.jpg":{"tags":["mobile","desktop"],"size":23700},"media/panorama_4DC45D00_4199_CE4B_41C8_5209939A4B44_0/f/1/1_2.jpg":{"tags":["mobile","desktop"],"size":48963},"media/panorama_4DC45D00_4199_CE4B_41C8_5209939A4B44_0/l/1/4_3.jpg":{"tags":["mobile","desktop"],"size":34380},"media/panorama_4DC45D00_4199_CE4B_41C8_5209939A4B44_0/r/0/7_2.jpg":{"tags":["mobile","desktop"],"size":27054},"media/panorama_4DC45D00_4199_CE4B_41C8_5209939A4B44_0/l/1/1_1.jpg":{"tags":["mobile","desktop"],"size":39740},"media/panorama_4DC45D00_4199_CE4B_41C8_5209939A4B44_0/r/0/4_4.jpg":{"tags":["mobile","desktop"],"size":40807},"media/panorama_4DC45D00_4199_CE4B_41C8_5209939A4B44_0/f/0/9_0.jpg":{"tags":["mobile","desktop"],"size":25038},"media/panorama_4DC45D00_4199_CE4B_41C8_5209939A4B44_0/f/0/2_8.jpg":{"tags":["mobile","desktop"],"size":18332},"media/panorama_4DC45D00_4199_CE4B_41C8_5209939A4B44_0/b/0/4_5.jpg":{"tags":["mobile","desktop"],"size":27639},"media/panorama_4DC45D00_4199_CE4B_41C8_5209939A4B44_0/r/0/0_7.jpg":{"tags":["mobile","desktop"],"size":1185},"media/panorama_4DC45D00_4199_CE4B_41C8_5209939A4B44_0/r/0/8_9.jpg":{"tags":["mobile","desktop"],"size":24037},"media/panorama_4DC45D00_4199_CE4B_41C8_5209939A4B44_0/f/0/3_0.jpg":{"tags":["mobile","desktop"],"size":45229},"media/panorama_4DC45D00_4199_CE4B_41C8_5209939A4B44_0/l/0/0_9.jpg":{"tags":["mobile","desktop"],"size":1185},"media/panorama_4DC45D00_4199_CE4B_41C8_5209939A4B44_0/b/0/9_7.jpg":{"tags":["mobile","desktop"],"size":14221},"media/panorama_4DC45D00_4199_CE4B_41C8_5209939A4B44_0/b/0/8_7.jpg":{"tags":["mobile","desktop"],"size":20360},"media/panorama_4DC45D00_4199_CE4B_41C8_5209939A4B44_0/r/2/1_1.jpg":{"tags":["mobile","desktop"],"size":50016},"media/panorama_4DC45D00_4199_CE4B_41C8_5209939A4B44_0/l/0/11_0.jpg":{"tags":["mobile","desktop"],"size":2264},"media/panorama_4DC45D00_4199_CE4B_41C8_5209939A4B44_0/b/1/3_2.jpg":{"tags":["mobile","desktop"],"size":15488},"media/panorama_4DC45D00_4199_CE4B_41C8_5209939A4B44_0/b/1/0_2.jpg":{"tags":["mobile","desktop"],"size":1185},"media/panorama_4DC45D00_4199_CE4B_41C8_5209939A4B44_0/l/0/9_9.jpg":{"tags":["mobile","desktop"],"size":30951},"media/panorama_4DC45D00_4199_CE4B_41C8_5209939A4B44_0/l/0/7_6.jpg":{"tags":["mobile","desktop"],"size":27276},"media/panorama_4DC45D00_4199_CE4B_41C8_5209939A4B44_0/r/0/0_11.jpg":{"tags":["mobile","desktop"],"size":2302},"media/panorama_4DC45D00_4199_CE4B_41C8_5209939A4B44_0/r/1/0_3.jpg":{"tags":["mobile","desktop"],"size":1185},"media/panorama_4DC45D00_4199_CE4B_41C8_5209939A4B44_0/f/0/7_6.jpg":{"tags":["mobile","desktop"],"size":30037},"media/panorama_4DC45D00_4199_CE4B_41C8_5209939A4B44_0/r/0/6_8.jpg":{"tags":["mobile","desktop"],"size":29432},"media/panorama_4DC45D00_4199_CE4B_41C8_5209939A4B44_0/f/0/6_11.jpg":{"tags":["mobile","desktop"],"size":17848},"media/panorama_4DC45D00_4199_CE4B_41C8_5209939A4B44_0/b/0/0_5.jpg":{"tags":["mobile","desktop"],"size":1185},"media/panorama_4DC45D00_4199_CE4B_41C8_5209939A4B44_0/f/0/8_6.jpg":{"tags":["mobile","desktop"],"size":26490},"media/panorama_4DC45D00_4199_CE4B_41C8_5209939A4B44_0/f/4/0_0.jpg":{"size":49739},"media/panorama_4DC45D00_4199_CE4B_41C8_5209939A4B44_0/r/0/7_11.jpg":{"tags":["mobile","desktop"],"size":30743},"media/panorama_4DC45D00_4199_CE4B_41C8_5209939A4B44_0/f/0/2_5.jpg":{"tags":["mobile","desktop"],"size":29691},"media/panorama_4DC45D00_4199_CE4B_41C8_5209939A4B44_0/f/0/7_3.jpg":{"tags":["mobile","desktop"],"size":31277},"media/panorama_4DC45D00_4199_CE4B_41C8_5209939A4B44_0/r/0/1_9.jpg":{"tags":["mobile","desktop"],"size":7462},"media/panorama_4DC45D00_4199_CE4B_41C8_5209939A4B44_0/f/0/5_1.jpg":{"tags":["mobile","desktop"],"size":43285},"media/panorama_4DC45D00_4199_CE4B_41C8_5209939A4B44_0/r/0/6_2.jpg":{"tags":["mobile","desktop"],"size":34284},"media/panorama_4DC45D00_4199_CE4B_41C8_5209939A4B44_0/b/0/10_10.jpg":{"tags":["mobile","desktop"],"size":15266},"media/panorama_4DC45D00_4199_CE4B_41C8_5209939A4B44_0/l/0/1_11.jpg":{"tags":["mobile","desktop"],"size":9682},"media/panorama_4DC45D00_4199_CE4B_41C8_5209939A4B44_0/f/1/1_5.jpg":{"tags":["mobile","desktop"],"size":25998},"media/panorama_4DC45D00_4199_CE4B_41C8_5209939A4B44_0/f/0/4_4.jpg":{"tags":["mobile","desktop"],"size":44226},"media/panorama_4DC45D00_4199_CE4B_41C8_5209939A4B44_0/l/1/2_4.jpg":{"tags":["mobile","desktop"],"size":72020},"media/panorama_4DC45D00_4199_CE4B_41C8_5209939A4B44_0/b/0/5_9.jpg":{"tags":["mobile","desktop"],"size":26324},"media/panorama_4DC45D00_4199_CE4B_41C8_5209939A4B44_0/f/0/6_3.jpg":{"tags":["mobile","desktop"],"size":30752},"media/panorama_4DC45D00_4199_CE4B_41C8_5209939A4B44_0/b/0/9_0.jpg":{"tags":["mobile","desktop"],"size":36318},"media/panorama_4DC45D00_4199_CE4B_41C8_5209939A4B44_0/r/2/2_1.jpg":{"tags":["mobile","desktop"],"size":18377},"skin/IconButton_570E2E34_5EBE_63DE_41D1_76579067E321_rollover.png":{"size":900},"media/panorama_4DC45D00_4199_CE4B_41C8_5209939A4B44_0/l/1/4_1.jpg":{"tags":["mobile","desktop"],"size":39239},"media/panorama_4DC45D00_4199_CE4B_41C8_5209939A4B44_0/l/1/0_3.jpg":{"tags":["mobile","desktop"],"size":1185},"media/panorama_4DC45D00_4199_CE4B_41C8_5209939A4B44_0/f/0/5_3.jpg":{"tags":["mobile","desktop"],"size":29145},"media/panorama_4DC45D00_4199_CE4B_41C8_5209939A4B44_0/l/1/5_4.jpg":{"tags":["mobile","desktop"],"size":4187},"media/panorama_4DC45D00_4199_CE4B_41C8_5209939A4B44_0/r/0/0_1.jpg":{"tags":["mobile","desktop"],"size":1185},"media/panorama_4DC45D00_4199_CE4B_41C8_5209939A4B44_0/r/0/10_8.jpg":{"tags":["mobile","desktop"],"size":1850},"media/panorama_4DC45D00_4199_CE4B_41C8_5209939A4B44_0/l/0/2_11.jpg":{"tags":["mobile","desktop"],"size":37552},"media/panorama_4DC45D00_4199_CE4B_41C8_5209939A4B44_0/r/0/11_3.jpg":{"tags":["mobile","desktop"],"size":1185},"media/panorama_4DC45D00_4199_CE4B_41C8_5209939A4B44_0/b/0/8_2.jpg":{"tags":["mobile","desktop"],"size":40238},"media/panorama_4DC45D00_4199_CE4B_41C8_5209939A4B44_0/b/0/2_0.jpg":{"tags":["mobile","desktop"],"size":17548},"media/panorama_4DC45D00_4199_CE4B_41C8_5209939A4B44_0/f/1/4_0.jpg":{"tags":["mobile","desktop"],"size":34690},"media/panorama_4DC45D00_4199_CE4B_41C8_5209939A4B44_0/b/0/0_10.jpg":{"tags":["mobile","desktop"],"size":1185},"media/panorama_4DC45D00_4199_CE4B_41C8_5209939A4B44_0/b/0/1_4.jpg":{"tags":["mobile","desktop"],"size":1185},"media/panorama_4DC45D00_4199_CE4B_41C8_5209939A4B44_0/r/1/5_5.jpg":{"tags":["mobile","desktop"],"size":14914},"media/panorama_4DC45D00_4199_CE4B_41C8_5209939A4B44_0/b/0/5_6.jpg":{"tags":["mobile","desktop"],"size":15182},"lib/cursors/FE.cur":{"size":4526},"media/panorama_4DC45D00_4199_CE4B_41C8_5209939A4B44_0/f/0/6_7.jpg":{"tags":["mobile","desktop"],"size":38911},"media/panorama_4DC45D00_4199_CE4B_41C8_5209939A4B44_0/l/0/4_11.jpg":{"tags":["mobile","desktop"],"size":39170},"media/panorama_4DC45D00_4199_CE4B_41C8_5209939A4B44_0/f/0/1_8.jpg":{"tags":["mobile","desktop"],"size":1219},"media/panorama_4DC45D00_4199_CE4B_41C8_5209939A4B44_0/b/0/1_10.jpg":{"tags":["mobile","desktop"],"size":14726},"lib/tdvplayer.js":{"size":1926764},"media/panorama_4DC45D00_4199_CE4B_41C8_5209939A4B44_0/r/0/9_0.jpg":{"tags":["mobile","desktop"],"size":31176},"script.js":{"size":66920},"media/panorama_4DC45D00_4199_CE4B_41C8_5209939A4B44_0/b/0/3_9.jpg":{"tags":["mobile","desktop"],"size":31081},"media/panorama_4DC45D00_4199_CE4B_41C8_5209939A4B44_0/r/0/9_1.jpg":{"tags":["mobile","desktop"],"size":24339},"media/panorama_4DC45D00_4199_CE4B_41C8_5209939A4B44_0/r/1/1_2.jpg":{"tags":["mobile","desktop"],"size":42127},"media/panorama_4DC45D00_4199_CE4B_41C8_5209939A4B44_0/r/0/10_5.jpg":{"tags":["mobile","desktop"],"size":1185},"media/panorama_4DC45D00_4199_CE4B_41C8_5209939A4B44_0/b/0/7_9.jpg":{"tags":["mobile","desktop"],"size":10186},"media/panorama_4DC45D00_4199_CE4B_41C8_5209939A4B44_0/r/0/4_9.jpg":{"tags":["mobile","desktop"],"size":38048},"media/panorama_4DC45D00_4199_CE4B_41C8_5209939A4B44_0/l/0/5_3.jpg":{"tags":["mobile","desktop"],"size":30890},"media/panorama_4DC45D00_4199_CE4B_41C8_5209939A4B44_0/r/0/0_9.jpg":{"tags":["mobile","desktop"],"size":1185},"media/panorama_4DC45D00_4199_CE4B_41C8_5209939A4B44_0/b/0/9_10.jpg":{"tags":["mobile","desktop"],"size":29029},"media/panorama_4DC45D00_4199_CE4B_41C8_5209939A4B44_0/f/1/3_3.jpg":{"tags":["mobile","desktop"],"size":40206},"media/panorama_4DC45D00_4199_CE4B_41C8_5209939A4B44_0/f/0/0_8.jpg":{"tags":["mobile","desktop"],"size":1185},"media/panorama_4DC45D00_4199_CE4B_41C8_5209939A4B44_0/r/0/9_4.jpg":{"tags":["mobile","desktop"],"size":23853},"media/panorama_4DC45D00_4199_CE4B_41C8_5209939A4B44_0/r/0/11_2.jpg":{"tags":["mobile","desktop"],"size":1185},"media/panorama_4DC45D00_4199_CE4B_41C8_5209939A4B44_0/r/0/4_0.jpg":{"tags":["mobile","desktop"],"size":24592},"media/panorama_4DC45D00_4199_CE4B_41C8_5209939A4B44_0/r/0/9_5.jpg":{"tags":["mobile","desktop"],"size":23586},"media/panorama_4DC45D00_4199_CE4B_41C8_5209939A4B44_0/f/0/8_0.jpg":{"tags":["mobile","desktop"],"size":22583},"media/panorama_4DC45D00_4199_CE4B_41C8_5209939A4B44_0/f/0/10_10.jpg":{"tags":["mobile","desktop"],"size":18893},"media/panorama_4DC45D00_4199_CE4B_41C8_5209939A4B44_0/r/0/8_4.jpg":{"tags":["mobile","desktop"],"size":29186},"media/panorama_4DC45D00_4199_CE4B_41C8_5209939A4B44_t.jpg":{"size":7088},"skin/IconButton_570E2E34_5EBE_63DE_41B3_E36925A8158B.png":{"size":1029},"media/panorama_4DC45D00_4199_CE4B_41C8_5209939A4B44_0/l/1/2_2.jpg":{"tags":["mobile","desktop"],"size":46374},"media/panorama_4DC45D00_4199_CE4B_41C8_5209939A4B44_0/l/1/2_3.jpg":{"tags":["mobile","desktop"],"size":47508},"media/panorama_4DC45D00_4199_CE4B_41C8_5209939A4B44_0/b/0/5_10.jpg":{"tags":["mobile","desktop"],"size":34489},"skin/IconButton_570E2E34_5EBE_63DE_41D3_A0CB69EBDE25_pressed.png":{"size":1196},"skin/IconButton_570E2E34_5EBE_63DE_41C7_41F80DEDE689.png":{"size":1004},"media/panorama_4DC45D00_4199_CE4B_41C8_5209939A4B44_0/f/1/5_3.jpg":{"tags":["mobile","desktop"],"size":1185},"media/panorama_4DC45D00_4199_CE4B_41C8_5209939A4B44_0/r/0/2_0.jpg":{"tags":["mobile","desktop"],"size":32812},"media/panorama_4DC45D00_4199_CE4B_41C8_5209939A4B44_0/b/0/10_6.jpg":{"tags":["mobile","desktop"],"size":1185},"media/panorama_4DC45D00_4199_CE4B_41C8_5209939A4B44_0/r/1/1_4.jpg":{"tags":["mobile","desktop"],"size":40133},"media/panorama_4DC45D00_4199_CE4B_41C8_5209939A4B44_0/l/0/4_4.jpg":{"tags":["mobile","desktop"],"size":29739},"media/panorama_4DC45D00_4199_CE4B_41C8_5209939A4B44_0/f/0/8_4.jpg":{"tags":["mobile","desktop"],"size":34779},"media/panorama_4DC45D00_4199_CE4B_41C8_5209939A4B44_0/f/0/3_2.jpg":{"tags":["mobile","desktop"],"size":28436},"media/panorama_4DC45D00_4199_CE4B_41C8_5209939A4B44_0/l/1/3_4.jpg":{"tags":["mobile","desktop"],"size":27735},"lib/cursors/NW.cur":{"size":3542},"media/panorama_4DC45D00_4199_CE4B_41C8_5209939A4B44_0/r/0/10_3.jpg":{"tags":["mobile","desktop"],"size":1846},"media/panorama_4DC45D00_4199_CE4B_41C8_5209939A4B44_0/l/0/3_5.jpg":{"tags":["mobile","desktop"],"size":15854},"media/panorama_4DC45D00_4199_CE4B_41C8_5209939A4B44_0/l/1/4_5.jpg":{"tags":["mobile","desktop"],"size":29666},"media/panorama_4DC45D00_4199_CE4B_41C8_5209939A4B44_0/r/0/2_1.jpg":{"tags":["mobile","desktop"],"size":35973},"media/panorama_4DC45D00_4199_CE4B_41C8_5209939A4B44_0/f/0/5_6.jpg":{"tags":["mobile","desktop"],"size":34023},"skin/IconButton_570E2E34_5EBE_63DE_41C1_73844A18216B_pressed.png":{"size":1176},"media/panorama_4DC45D00_4199_CE4B_41C8_5209939A4B44_0/r/0/3_9.jpg":{"tags":["mobile","desktop"],"size":28886},"media/panorama_4DC45D00_4199_CE4B_41C8_5209939A4B44_0/r/1/0_4.jpg":{"tags":["mobile","desktop"],"size":3738},"media/panorama_4DC45D00_4199_CE4B_41C8_5209939A4B44_0/r/0/1_0.jpg":{"tags":["mobile","desktop"],"size":26012},"media/panorama_4DC45D00_4199_CE4B_41C8_5209939A4B44_0/r/0/0_6.jpg":{"tags":["mobile","desktop"],"size":1185},"media/panorama_4DC45D00_4199_CE4B_41C8_5209939A4B44_0/f/1/4_3.jpg":{"tags":["mobile","desktop"],"size":30905},"media/panorama_4DC45D00_4199_CE4B_41C8_5209939A4B44_0/r/0/0_3.jpg":{"tags":["mobile","desktop"],"size":1185},"media/panorama_4DC45D00_4199_CE4B_41C8_5209939A4B44_0/b/0/4_7.jpg":{"tags":["mobile","desktop"],"size":23684},"media/panorama_4DC45D00_4199_CE4B_41C8_5209939A4B44_0/f/0/3_9.jpg":{"tags":["mobile","desktop"],"size":7059},"media/panorama_4DC45D00_4199_CE4B_41C8_5209939A4B44_0/l/2/1_1.jpg":{"tags":["mobile","desktop"],"size":48969},"media/panorama_4DC45D00_4199_CE4B_41C8_5209939A4B44_0/l/0/7_1.jpg":{"tags":["mobile","desktop"],"size":15675},"media/panorama_4DC45D00_4199_CE4B_41C8_5209939A4B44_0/l/0/5_9.jpg":{"tags":["mobile","desktop"],"size":38730},"media/panorama_4DC45D00_4199_CE4B_41C8_5209939A4B44_0/f/0/5_2.jpg":{"tags":["mobile","desktop"],"size":46570},"media/panorama_4DC45D00_4199_CE4B_41C8_5209939A4B44_0/l/0/3_7.jpg":{"tags":["mobile","desktop"],"size":8891},"skin/IconButton_570E2E34_5EBE_63DE_417E_9FF89E99273C.png":{"size":985},"media/panorama_4DC45D00_4199_CE4B_41C8_5209939A4B44_0/f/0/1_0.jpg":{"tags":["mobile","desktop"],"size":8371},"media/panorama_4DC45D00_4199_CE4B_41C8_5209939A4B44_0/b/0/2_10.jpg":{"tags":["mobile","desktop"],"size":17254},"media/panorama_4DC45D00_4199_CE4B_41C8_5209939A4B44_0/f/0/5_11.jpg":{"tags":["mobile","desktop"],"size":37142},"media/panorama_4DC45D00_4199_CE4B_41C8_5209939A4B44_0/b/0/0_9.jpg":{"tags":["mobile","desktop"],"size":1185},"media/panorama_4DC45D00_4199_CE4B_41C8_5209939A4B44_0/b/3/0_1.jpg":{"tags":["mobile","desktop"],"size":38787},"media/panorama_4DC45D00_4199_CE4B_41C8_5209939A4B44_0/l/2/2_0.jpg":{"tags":["mobile","desktop"],"size":29522},"media/panorama_4DC45D00_4199_CE4B_41C8_5209939A4B44_0/f/0/1_4.jpg":{"tags":["mobile","desktop"],"size":1185},"media/panorama_4DC45D00_4199_CE4B_41C8_5209939A4B44_0/r/1/2_2.jpg":{"tags":["mobile","desktop"],"size":46376},"media/panorama_4DC45D00_4199_CE4B_41C8_5209939A4B44_0/r/0/3_2.jpg":{"tags":["mobile","desktop"],"size":33877},"lib/cursors/E.cur":{"size":3542},"media/panorama_4DC45D00_4199_CE4B_41C8_5209939A4B44_0/f/0/4_1.jpg":{"tags":["mobile","desktop"],"size":48823},"lib/tdvplayer.json":{"size":40},"media/panorama_4DC45D00_4199_CE4B_41C8_5209939A4B44_0/l/0/7_5.jpg":{"tags":["mobile","desktop"],"size":25927},"media/panorama_4DC45D00_4199_CE4B_41C8_5209939A4B44_0/l/1/1_4.jpg":{"tags":["mobile","desktop"],"size":58889},"skin/IconButton_570E2E34_5EBE_63DE_41C1_73844A18216B_rollover.png":{"size":879},"media/panorama_4DC45D00_4199_CE4B_41C8_5209939A4B44_0/l/0/6_11.jpg":{"tags":["mobile","desktop"],"size":17794},"media/panorama_4DC45D00_4199_CE4B_41C8_5209939A4B44_0/r/0/1_10.jpg":{"tags":["mobile","desktop"],"size":12592},"lib/cursors/SE.cur":{"size":3542},"media/panorama_4DC45D00_4199_CE4B_41C8_5209939A4B44_0/l/0/9_8.jpg":{"tags":["mobile","desktop"],"size":29966},"media/panorama_4DC45D00_4199_CE4B_41C8_5209939A4B44_0/f/0/11_5.jpg":{"tags":["mobile","desktop"],"size":1185},"media/panorama_4DC45D00_4199_CE4B_41C8_5209939A4B44_0/r/0/10_10.jpg":{"tags":["mobile","desktop"],"size":17597},"media/panorama_4DC45D00_4199_CE4B_41C8_5209939A4B44_0/r/0/1_4.jpg":{"tags":["mobile","desktop"],"size":1185},"media/panorama_4DC45D00_4199_CE4B_41C8_5209939A4B44_0/r/0/0_0.jpg":{"tags":["mobile","desktop"],"size":2332},"media/panorama_4DC45D00_4199_CE4B_41C8_5209939A4B44_0/r/0/2_5.jpg":{"tags":["mobile","desktop"],"size":28054},"media/panorama_4DC45D00_4199_CE4B_41C8_5209939A4B44_0/f/1/4_5.jpg":{"tags":["mobile","desktop"],"size":37859},"media/panorama_4DC45D00_4199_CE4B_41C8_5209939A4B44_0/r/2/2_0.jpg":{"tags":["mobile","desktop"],"size":22740},"skin/IconButton_570E2E34_5EBE_63DE_41B6_6A9E5D4DE6FA_pressed.png":{"size":1022},"media/panorama_4DC45D00_4199_CE4B_41C8_5209939A4B44_0/l/0/10_6.jpg":{"tags":["mobile","desktop"],"size":1185},"media/panorama_4DC45D00_4199_CE4B_41C8_5209939A4B44_0/b/0/2_3.jpg":{"tags":["mobile","desktop"],"size":27051},"media/panorama_4DC45D00_4199_CE4B_41C8_5209939A4B44_0/f/0/0_10.jpg":{"tags":["mobile","desktop"],"size":1185},"media/panorama_4DC45D00_4199_CE4B_41C8_5209939A4B44_0/l/0/5_2.jpg":{"tags":["mobile","desktop"],"size":27239},"media/panorama_4DC45D00_4199_CE4B_41C8_5209939A4B44_0/l/1/0_0.jpg":{"tags":["mobile","desktop"],"size":20966},"media/panorama_4DC45D00_4199_CE4B_41C8_5209939A4B44_0/b/0/2_8.jpg":{"tags":["mobile","desktop"],"size":40319},"media/panorama_4DC45D00_4199_CE4B_41C8_5209939A4B44_0/r/1/1_3.jpg":{"tags":["mobile","desktop"],"size":38476},"media/panorama_4DC45D00_4199_CE4B_41C8_5209939A4B44_0/r/0/5_5.jpg":{"tags":["mobile","desktop"],"size":35556},"media/panorama_4DC45D00_4199_CE4B_41C8_5209939A4B44_0/r/0/5_4.jpg":{"tags":["mobile","desktop"],"size":33418},"media/panorama_4DC45D00_4199_CE4B_41C8_5209939A4B44_0/r/0/3_6.jpg":{"tags":["mobile","desktop"],"size":34205},"media/panorama_4DC45D00_4199_CE4B_41C8_5209939A4B44_0/f/1/5_4.jpg":{"tags":["mobile","desktop"],"size":4225},"media/panorama_4DC45D00_4199_CE4B_41C8_5209939A4B44_0/r/1/2_5.jpg":{"tags":["mobile","desktop"],"size":34948},"media/panorama_4DC45D00_4199_CE4B_41C8_5209939A4B44_0/l/3/0_0.jpg":{"tags":["mobile","desktop"],"size":45762},"media/panorama_4DC45D00_4199_CE4B_41C8_5209939A4B44_0/r/0/8_0.jpg":{"tags":["mobile","desktop"],"size":24503},"media/panorama_4DC45D00_4199_CE4B_41C8_5209939A4B44_0/f/0/1_11.jpg":{"tags":["mobile","desktop"],"size":21769},"media/panorama_4DC45D00_4199_CE4B_41C8_5209939A4B44_0/b/0/7_3.jpg":{"tags":["mobile","desktop"],"size":28287},"media/panorama_4DC45D00_4199_CE4B_41C8_5209939A4B44_0/f/0/8_9.jpg":{"tags":["mobile","desktop"],"size":23643},"media/panorama_4DC45D00_4199_CE4B_41C8_5209939A4B44_0/r/0/10_6.jpg":{"tags":["mobile","desktop"],"size":1185},"media/panorama_4DC45D00_4199_CE4B_41C8_5209939A4B44_0/r/1/3_3.jpg":{"tags":["mobile","desktop"],"size":36820},"media/panorama_4DC45D00_4199_CE4B_41C8_5209939A4B44_0/f/0/7_11.jpg":{"tags":["mobile","desktop"],"size":12304},"media/panorama_4DC45D00_4199_CE4B_41C8_5209939A4B44_0/b/0/6_0.jpg":{"tags":["mobile","desktop"],"size":28069},"media/panorama_4DC45D00_4199_CE4B_41C8_5209939A4B44_0/r/0/5_7.jpg":{"tags":["mobile","desktop"],"size":27408},"media/panorama_4DC45D00_4199_CE4B_41C8_5209939A4B44_0/r/0/8_7.jpg":{"tags":["mobile","desktop"],"size":26618},"media/panorama_4DC45D00_4199_CE4B_41C8_5209939A4B44_0/r/0/5_10.jpg":{"tags":["mobile","desktop"],"size":27621},"media/panorama_4DC45D00_4199_CE4B_41C8_5209939A4B44_0/r/3/1_1.jpg":{"tags":["mobile","desktop"],"size":29986},"media/panorama_4DC45D00_4199_CE4B_41C8_5209939A4B44_0/b/2/1_2.jpg":{"tags":["mobile","desktop"],"size":36400},"media/panorama_4DC45D00_4199_CE4B_41C8_5209939A4B44_0/b/0/1_8.jpg":{"tags":["mobile","desktop"],"size":1854},"media/panorama_4DC45D00_4199_CE4B_41C8_5209939A4B44_0/b/0/9_6.jpg":{"tags":["mobile","desktop"],"size":7964},"media/panorama_4DC45D00_4199_CE4B_41C8_5209939A4B44_0/l/0/9_2.jpg":{"tags":["mobile","desktop"],"size":31093},"media/panorama_4DC45D00_4199_CE4B_41C8_5209939A4B44_0/l/0/4_10.jpg":{"tags":["mobile","desktop"],"size":44150},"media/panorama_4DC45D00_4199_CE4B_41C8_5209939A4B44_0/r/0/11_6.jpg":{"tags":["mobile","desktop"],"size":1185},"media/panorama_4DC45D00_4199_CE4B_41C8_5209939A4B44_0/f/0/10_1.jpg":{"tags":["mobile","desktop"],"size":20370},"media/panorama_4DC45D00_4199_CE4B_41C8_5209939A4B44_0/r/0/11_11.jpg":{"tags":["mobile","desktop"],"size":2321},"media/panorama_4DC45D00_4199_CE4B_41C8_5209939A4B44_0/b/0/10_2.jpg":{"tags":["mobile","desktop"],"size":8972},"media/panorama_4DC45D00_4199_CE4B_41C8_5209939A4B44_0/r/0/6_5.jpg":{"tags":["mobile","desktop"],"size":37416},"script_general.js":{"size":36459},"skin/IconButton_570E2E34_5EBE_63DE_41B8_BB2B515545D1_pressed.png":{"size":880},"media/panorama_4DC45D00_4199_CE4B_41C8_5209939A4B44_0/f/0/7_5.jpg":{"tags":["mobile","desktop"],"size":36049},"media/panorama_4DC45D00_4199_CE4B_41C8_5209939A4B44_0/r/2/0_0.jpg":{"tags":["mobile","desktop"],"size":34419},"media/panorama_4DC45D00_4199_CE4B_41C8_5209939A4B44_0/b/2/1_0.jpg":{"tags":["mobile","desktop"],"size":53147},"media/panorama_4DC45D00_4199_CE4B_41C8_5209939A4B44_0/r/0/7_8.jpg":{"tags":["mobile","desktop"],"size":25256},"media/panorama_4DC45D00_4199_CE4B_41C8_5209939A4B44_0/b/0/0_6.jpg":{"tags":["mobile","desktop"],"size":1185},"lib/cursors/FS.cur":{"size":4526},"media/panorama_4DC45D00_4199_CE4B_41C8_5209939A4B44_0/l/0/0_10.jpg":{"tags":["mobile","desktop"],"size":1185},"media/panorama_4DC45D00_4199_CE4B_41C8_5209939A4B44_0/f/0/5_8.jpg":{"tags":["mobile","desktop"],"size":39487},"media/panorama_4DC45D00_4199_CE4B_41C8_5209939A4B44_0/l/0/6_2.jpg":{"tags":["mobile","desktop"],"size":15849},"media/panorama_4DC45D00_4199_CE4B_41C8_5209939A4B44_0/b/0/8_5.jpg":{"tags":["mobile","desktop"],"size":15273},"media/panorama_4DC45D00_4199_CE4B_41C8_5209939A4B44_0/l/0/10_3.jpg":{"tags":["mobile","desktop"],"size":1848},"media/panorama_4DC45D00_4199_CE4B_41C8_5209939A4B44_0/l/0/11_8.jpg":{"tags":["mobile","desktop"],"size":1185},"media/panorama_4DC45D00_4199_CE4B_41C8_5209939A4B44_0/f/0/11_2.jpg":{"tags":["mobile","desktop"],"size":1185},"media/panorama_4DC45D00_4199_CE4B_41C8_5209939A4B44_0/l/0/7_8.jpg":{"tags":["mobile","desktop"],"size":22254},"media/panorama_4DC45D00_4199_CE4B_41C8_5209939A4B44_0/l/0/1_7.jpg":{"tags":["mobile","desktop"],"size":1185},"media/panorama_4DC45D00_4199_CE4B_41C8_5209939A4B44_0/b/1/2_0.jpg":{"tags":["mobile","desktop"],"size":42631},"media/panorama_4DC45D00_4199_CE4B_41C8_5209939A4B44_0/l/0/1_3.jpg":{"tags":["mobile","desktop"],"size":1841},"skin/IconButton_570E2E34_5EBE_63DE_41B6_6A9E5D4DE6FA_rollover.png":{"size":999},"misc/icon180.png":{"size":22123},"media/panorama_4DC45D00_4199_CE4B_41C8_5209939A4B44_0/l/0/6_1.jpg":{"tags":["mobile","desktop"],"size":18040},"lib/WebVRPolyfill.js":{"size":101091},"media/panorama_4DC45D00_4199_CE4B_41C8_5209939A4B44_0/l/1/2_0.jpg":{"tags":["mobile","desktop"],"size":38119},"media/panorama_4DC45D00_4199_CE4B_41C8_5209939A4B44_0/f/0/6_1.jpg":{"tags":["mobile","desktop"],"size":25029},"media/panorama_4DC45D00_4199_CE4B_41C8_5209939A4B44_0/r/0/7_10.jpg":{"tags":["mobile","desktop"],"size":26219},"media/panorama_4DC45D00_4199_CE4B_41C8_5209939A4B44_0/f/0/3_7.jpg":{"tags":["mobile","desktop"],"size":48068},"media/panorama_4DC45D00_4199_CE4B_41C8_5209939A4B44_0/b/1/0_5.jpg":{"tags":["mobile","desktop"],"size":14783},"media/panorama_4DC45D00_4199_CE4B_41C8_5209939A4B44_0/r/0/4_8.jpg":{"tags":["mobile","desktop"],"size":36031},"media/panorama_4DC45D00_4199_CE4B_41C8_5209939A4B44_0/f/1/2_3.jpg":{"tags":["mobile","desktop"],"size":44970},"media/panorama_4DC45D00_4199_CE4B_41C8_5209939A4B44_0/l/1/3_3.jpg":{"tags":["mobile","desktop"],"size":28061},"media/panorama_4DC45D00_4199_CE4B_41C8_5209939A4B44_0/r/1/3_2.jpg":{"tags":["mobile","desktop"],"size":38564},"media/panorama_4DC45D00_4199_CE4B_41C8_5209939A4B44_0/f/0/10_7.jpg":{"tags":["mobile","desktop"],"size":1185},"media/panorama_4DC45D00_4199_CE4B_41C8_5209939A4B44_0/f/1/2_5.jpg":{"tags":["mobile","desktop"],"size":55099},"media/panorama_4DC45D00_4199_CE4B_41C8_5209939A4B44_0/r/0/10_4.jpg":{"tags":["mobile","desktop"],"size":1185},"media/panorama_4DC45D00_4199_CE4B_41C8_5209939A4B44_0/r/0/7_4.jpg":{"tags":["mobile","desktop"],"size":26953},"media/panorama_4DC45D00_4199_CE4B_41C8_5209939A4B44_0/b/4/0_0.jpg":{"size":38842},"media/panorama_4DC45D00_4199_CE4B_41C8_5209939A4B44_0/f/1/0_0.jpg":{"tags":["mobile","desktop"],"size":7892},"media/panorama_4DC45D00_4199_CE4B_41C8_5209939A4B44_0/f/0/9_6.jpg":{"tags":["mobile","desktop"],"size":22641},"media/panorama_4DC45D00_4199_CE4B_41C8_5209939A4B44_0/b/1/0_0.jpg":{"tags":["mobile","desktop"],"size":6723},"media/panorama_4DC45D00_4199_CE4B_41C8_5209939A4B44_0/l/0/7_9.jpg":{"tags":["mobile","desktop"],"size":24521},"media/panorama_4DC45D00_4199_CE4B_41C8_5209939A4B44_0/f/1/0_5.jpg":{"tags":["mobile","desktop"],"size":10570},"media/panorama_4DC45D00_4199_CE4B_41C8_5209939A4B44_0/f/0/9_2.jpg":{"tags":["mobile","desktop"],"size":34317},"media/panorama_4DC45D00_4199_CE4B_41C8_5209939A4B44_0/l/0/1_5.jpg":{"tags":["mobile","desktop"],"size":1185},"skin/IconButton_570E2E34_5EBE_63DE_41CF_DC0B2946505D_rollover.png":{"size":754},"media/panorama_4DC45D00_4199_CE4B_41C8_5209939A4B44_0/b/vr/0.jpg":{"tags":"mobilevr","size":260394},"media/panorama_4DC45D00_4199_CE4B_41C8_5209939A4B44_0/r/vr/0.jpg":{"tags":"mobilevr","size":306184},"media/panorama_4DC45D00_4199_CE4B_41C8_5209939A4B44_0/b/1/4_1.jpg":{"tags":["mobile","desktop"],"size":41203},"media/panorama_4DC45D00_4199_CE4B_41C8_5209939A4B44_0/r/0/9_3.jpg":{"tags":["mobile","desktop"],"size":24854},"media/panorama_4DC45D00_4199_CE4B_41C8_5209939A4B44_0/b/0/7_1.jpg":{"tags":["mobile","desktop"],"size":39287},"media/panorama_4DC45D00_4199_CE4B_41C8_5209939A4B44_0/r/0/2_4.jpg":{"tags":["mobile","desktop"],"size":30970},"media/panorama_4DC45D00_4199_CE4B_41C8_5209939A4B44_0/b/0/0_8.jpg":{"tags":["mobile","desktop"],"size":1185},"skin/IconButton_570E2E34_5EBE_63DE_41D1_76579067E321.png":{"size":940},"media/panorama_4DC45D00_4199_CE4B_41C8_5209939A4B44_0/f/1/5_1.jpg":{"tags":["mobile","desktop"],"size":4473},"media/panorama_4DC45D00_4199_CE4B_41C8_5209939A4B44_0/f/2/1_2.jpg":{"tags":["mobile","desktop"],"size":55847},"media/panorama_4DC45D00_4199_CE4B_41C8_5209939A4B44_0/b/1/4_4.jpg":{"tags":["mobile","desktop"],"size":28505},"media/panorama_4DC45D00_4199_CE4B_41C8_5209939A4B44_0/f/0/7_9.jpg":{"tags":["mobile","desktop"],"size":27337},"media/panorama_4DC45D00_4199_CE4B_41C8_5209939A4B44_0/l/1/5_3.jpg":{"tags":["mobile","desktop"],"size":1185},"media/panorama_4DC45D00_4199_CE4B_41C8_5209939A4B44_0/l/0/8_7.jpg":{"tags":["mobile","desktop"],"size":28663},"media/panorama_4DC45D00_4199_CE4B_41C8_5209939A4B44_0/l/0/3_1.jpg":{"tags":["mobile","desktop"],"size":30930},"media/panorama_4DC45D00_4199_CE4B_41C8_5209939A4B44_0/f/0/11_4.jpg":{"tags":["mobile","desktop"],"size":1185},"media/panorama_4DC45D00_4199_CE4B_41C8_5209939A4B44_0/r/0/2_9.jpg":{"tags":["mobile","desktop"],"size":31012},"media/panorama_4DC45D00_4199_CE4B_41C8_5209939A4B44_0/f/0/10_5.jpg":{"tags":["mobile","desktop"],"size":1185},"media/panorama_4DC45D00_4199_CE4B_41C8_5209939A4B44_0/b/0/3_6.jpg":{"tags":["mobile","desktop"],"size":16998},"media/panorama_4DC45D00_4199_CE4B_41C8_5209939A4B44_0/b/1/2_3.jpg":{"tags":["mobile","desktop"],"size":27530},"media/panorama_4DC45D00_4199_CE4B_41C8_5209939A4B44_0/f/0/3_4.jpg":{"tags":["mobile","desktop"],"size":35508},"media/panorama_4DC45D00_4199_CE4B_41C8_5209939A4B44_0/l/0/6_3.jpg":{"tags":["mobile","desktop"],"size":19884},"media/panorama_4DC45D00_4199_CE4B_41C8_5209939A4B44_0/f/1/3_5.jpg":{"tags":["mobile","desktop"],"size":24808},"media/panorama_4DC45D00_4199_CE4B_41C8_5209939A4B44_0/r/0/6_1.jpg":{"tags":["mobile","desktop"],"size":35820},"media/panorama_4DC45D00_4199_CE4B_41C8_5209939A4B44_0/f/2/0_0.jpg":{"tags":["mobile","desktop"],"size":38575},"media/panorama_4DC45D00_4199_CE4B_41C8_5209939A4B44_0/f/0/1_3.jpg":{"tags":["mobile","desktop"],"size":1224},"media/panorama_4DC45D00_4199_CE4B_41C8_5209939A4B44_0/l/0/8_3.jpg":{"tags":["mobile","desktop"],"size":33387},"media/panorama_4DC45D00_4199_CE4B_41C8_5209939A4B44_0/r/0/7_7.jpg":{"tags":["mobile","desktop"],"size":27360},"media/panorama_4DC45D00_4199_CE4B_41C8_5209939A4B44_0/f/0/0_4.jpg":{"tags":["mobile","desktop"],"size":1185},"media/panorama_4DC45D00_4199_CE4B_41C8_5209939A4B44_0/b/1/4_3.jpg":{"tags":["mobile","desktop"],"size":17343},"media/panorama_4DC45D00_4199_CE4B_41C8_5209939A4B44_0/f/1/1_4.jpg":{"tags":["mobile","desktop"],"size":18460},"media/panorama_4DC45D00_4199_CE4B_41C8_5209939A4B44_0/b/0/8_3.jpg":{"tags":["mobile","desktop"],"size":34941},"media/panorama_4DC45D00_4199_CE4B_41C8_5209939A4B44_0/l/0/10_5.jpg":{"tags":["mobile","desktop"],"size":1185},"media/panorama_4DC45D00_4199_CE4B_41C8_5209939A4B44_0/l/1/0_4.jpg":{"tags":["mobile","desktop"],"size":4035},"media/panorama_4DC45D00_4199_CE4B_41C8_5209939A4B44_0/f/3/1_1.jpg":{"tags":["mobile","desktop"],"size":35597},"media/panorama_4DC45D00_4199_CE4B_41C8_5209939A4B44_0/b/0/11_4.jpg":{"tags":["mobile","desktop"],"size":1185},"media/panorama_4DC45D00_4199_CE4B_41C8_5209939A4B44_0/r/0/3_11.jpg":{"tags":["mobile","desktop"],"size":24693},"media/panorama_4DC45D00_4199_CE4B_41C8_5209939A4B44_0/b/0/1_6.jpg":{"tags":["mobile","desktop"],"size":1185},"media/panorama_4DC45D00_4199_CE4B_41C8_5209939A4B44_0/f/0/7_0.jpg":{"tags":["mobile","desktop"],"size":22617},"media/panorama_4DC45D00_4199_CE4B_41C8_5209939A4B44_0/r/1/1_0.jpg":{"tags":["mobile","desktop"],"size":44768},"media/panorama_4DC45D00_4199_CE4B_41C8_5209939A4B44_0/f/0/10_2.jpg":{"tags":["mobile","desktop"],"size":9918},"lib/exit.png":{"size":902},"media/panorama_4DC45D00_4199_CE4B_41C8_5209939A4B44_0/f/0/8_2.jpg":{"tags":["mobile","desktop"],"size":33022},"media/panorama_4DC45D00_4199_CE4B_41C8_5209939A4B44_0/r/3/1_0.jpg":{"tags":["mobile","desktop"],"size":30995},"media/panorama_4DC45D00_4199_CE4B_41C8_5209939A4B44_0/f/0/7_4.jpg":{"tags":["mobile","desktop"],"size":24892},"media/panorama_4DC45D00_4199_CE4B_41C8_5209939A4B44_0/f/0/11_0.jpg":{"tags":["mobile","desktop"],"size":2442},"media/panorama_4DC45D00_4199_CE4B_41C8_5209939A4B44_0/l/0/0_0.jpg":{"tags":["mobile","desktop"],"size":2293},"media/panorama_4DC45D00_4199_CE4B_41C8_5209939A4B44_0/l/0/0_1.jpg":{"tags":["mobile","desktop"],"size":1185},"media/panorama_4DC45D00_4199_CE4B_41C8_5209939A4B44_0/b/0/5_1.jpg":{"tags":["mobile","desktop"],"size":29991},"media/panorama_4DC45D00_4199_CE4B_41C8_5209939A4B44_0/f/0/9_8.jpg":{"tags":["mobile","desktop"],"size":31194},"media/panorama_4DC45D00_4199_CE4B_41C8_5209939A4B44_0/f/0/3_11.jpg":{"tags":["mobile","desktop"],"size":32950},"media/panorama_4DC45D00_4199_CE4B_41C8_5209939A4B44_0/l/0/0_7.jpg":{"tags":["mobile","desktop"],"size":1185},"media/panorama_4DC45D00_4199_CE4B_41C8_5209939A4B44_0/l/0/7_4.jpg":{"tags":["mobile","desktop"],"size":25870},"media/panorama_4DC45D00_4199_CE4B_41C8_5209939A4B44_0/r/0/11_5.jpg":{"tags":["mobile","desktop"],"size":1185},"media/panorama_4DC45D00_4199_CE4B_41C8_5209939A4B44_0/l/0/10_1.jpg":{"tags":["mobile","desktop"],"size":14788},"media/panorama_4DC45D00_4199_CE4B_41C8_5209939A4B44_0/f/0/0_1.jpg":{"tags":["mobile","desktop"],"size":1185},"media/panorama_4DC45D00_4199_CE4B_41C8_5209939A4B44_0/l/0/5_11.jpg":{"tags":["mobile","desktop"],"size":36318},"media/panorama_4DC45D00_4199_CE4B_41C8_5209939A4B44_0/f/2/2_2.jpg":{"tags":["mobile","desktop"],"size":28830},"media/panorama_4DC45D00_4199_CE4B_41C8_5209939A4B44_0/b/0/8_4.jpg":{"tags":["mobile","desktop"],"size":27232},"media/panorama_4DC45D00_4199_CE4B_41C8_5209939A4B44_0/l/0/9_7.jpg":{"tags":["mobile","desktop"],"size":24606},"media/panorama_4DC45D00_4199_CE4B_41C8_5209939A4B44_0/r/0/9_7.jpg":{"tags":["mobile","desktop"],"size":25053},"lib/cursors/FNW.cur":{"size":4526},"skin/IconButton_570E2E34_5EBE_63DE_41D1_76579067E321_pressed.png":{"size":1161},"locale/en.txt":{"size":152},"media/panorama_4DC45D00_4199_CE4B_41C8_5209939A4B44_0/b/0/10_4.jpg":{"tags":["mobile","desktop"],"size":1185},"media/panorama_4DC45D00_4199_CE4B_41C8_5209939A4B44_0/r/1/2_1.jpg":{"tags":["mobile","desktop"],"size":53740},"media/panorama_4DC45D00_4199_CE4B_41C8_5209939A4B44_0/r/0/5_8.jpg":{"tags":["mobile","desktop"],"size":30740},"media/panorama_4DC45D00_4199_CE4B_41C8_5209939A4B44_0/r/0/11_10.jpg":{"tags":["mobile","desktop"],"size":1185},"media/panorama_4DC45D00_4199_CE4B_41C8_5209939A4B44_0/r/2/1_2.jpg":{"tags":["mobile","desktop"],"size":46918},"media/panorama_4DC45D00_4199_CE4B_41C8_5209939A4B44_0/r/1/5_1.jpg":{"tags":["mobile","desktop"],"size":3590},"media/panorama_4DC45D00_4199_CE4B_41C8_5209939A4B44_0/f/0/11_9.jpg":{"tags":["mobile","desktop"],"size":1185},"media/panorama_4DC45D00_4199_CE4B_41C8_5209939A4B44_0/f/0/9_7.jpg":{"tags":["mobile","desktop"],"size":27811},"media/panorama_4DC45D00_4199_CE4B_41C8_5209939A4B44_0/b/1/4_2.jpg":{"tags":["mobile","desktop"],"size":21122},"media/panorama_4DC45D00_4199_CE4B_41C8_5209939A4B44_0/f/0/10_0.jpg":{"tags":["mobile","desktop"],"size":26124},"media/panorama_4DC45D00_4199_CE4B_41C8_5209939A4B44_0/r/0/4_11.jpg":{"tags":["mobile","desktop"],"size":22768},"media/panorama_4DC45D00_4199_CE4B_41C8_5209939A4B44_0/l/1/4_4.jpg":{"tags":["mobile","desktop"],"size":37316},"media/panorama_4DC45D00_4199_CE4B_41C8_5209939A4B44_0/b/0/2_7.jpg":{"tags":["mobile","desktop"],"size":27751},"media/panorama_4DC45D00_4199_CE4B_41C8_5209939A4B44_0/b/0/9_2.jpg":{"tags":["mobile","desktop"],"size":31636},"media/panorama_4DC45D00_4199_CE4B_41C8_5209939A4B44_0/f/1/5_2.jpg":{"tags":["mobile","desktop"],"size":1185},"media/panorama_4DC45D00_4199_CE4B_41C8_5209939A4B44_0/l/1/3_2.jpg":{"tags":["mobile","desktop"],"size":29657},"media/panorama_4DC45D00_4199_CE4B_41C8_5209939A4B44_0/r/0/4_2.jpg":{"tags":["mobile","desktop"],"size":32357},"media/panorama_4DC45D00_4199_CE4B_41C8_5209939A4B44_0/b/0/3_4.jpg":{"tags":["mobile","desktop"],"size":44978},"media/panorama_4DC45D00_4199_CE4B_41C8_5209939A4B44_0/r/0/4_1.jpg":{"tags":["mobile","desktop"],"size":27423},"media/panorama_4DC45D00_4199_CE4B_41C8_5209939A4B44_0/l/0/3_0.jpg":{"tags":["mobile","desktop"],"size":26900},"media/panorama_4DC45D00_4199_CE4B_41C8_5209939A4B44_0/f/0/5_10.jpg":{"tags":["mobile","desktop"],"size":37883},"media/panorama_4DC45D00_4199_CE4B_41C8_5209939A4B44_0/l/2/0_2.jpg":{"tags":["mobile","desktop"],"size":40792},"media/panorama_4DC45D00_4199_CE4B_41C8_5209939A4B44_0/f/0/7_2.jpg":{"tags":["mobile","desktop"],"size":23005},"media/panorama_4DC45D00_4199_CE4B_41C8_5209939A4B44_0/f/0/5_5.jpg":{"tags":["mobile","desktop"],"size":26592},"media/panorama_4DC45D00_4199_CE4B_41C8_5209939A4B44_0/b/2/2_2.jpg":{"tags":["mobile","desktop"],"size":23090},"lib/cursors/FN.cur":{"size":4526},"media/panorama_4DC45D00_4199_CE4B_41C8_5209939A4B44_0/l/0/2_4.jpg":{"tags":["mobile","desktop"],"size":4075},"media/panorama_4DC45D00_4199_CE4B_41C8_5209939A4B44_0/r/0/3_3.jpg":{"tags":["mobile","desktop"],"size":30613},"media/panorama_4DC45D00_4199_CE4B_41C8_5209939A4B44_0/b/1/1_5.jpg":{"tags":["mobile","desktop"],"size":31561},"media/panorama_4DC45D00_4199_CE4B_41C8_5209939A4B44_0/f/0/1_10.jpg":{"tags":["mobile","desktop"],"size":4872},"media/panorama_4DC45D00_4199_CE4B_41C8_5209939A4B44_0/l/0/4_7.jpg":{"tags":["mobile","desktop"],"size":34039},"media/panorama_4DC45D00_4199_CE4B_41C8_5209939A4B44_0/b/3/0_0.jpg":{"tags":["mobile","desktop"],"size":32529},"media/panorama_4DC45D00_4199_CE4B_41C8_5209939A4B44_0/f/0/1_6.jpg":{"tags":["mobile","desktop"],"size":1185},"media/panorama_4DC45D00_4199_CE4B_41C8_5209939A4B44_0/l/0/5_5.jpg":{"tags":["mobile","desktop"],"size":33039},"media/panorama_4DC45D00_4199_CE4B_41C8_5209939A4B44_0/r/0/4_7.jpg":{"tags":["mobile","desktop"],"size":34161},"media/panorama_4DC45D00_4199_CE4B_41C8_5209939A4B44_0/f/0/0_6.jpg":{"tags":["mobile","desktop"],"size":1185},"media/panorama_4DC45D00_4199_CE4B_41C8_5209939A4B44_0/f/0/9_9.jpg":{"tags":["mobile","desktop"],"size":30874},"media/panorama_4DC45D00_4199_CE4B_41C8_5209939A4B44_0/r/1/5_4.jpg":{"tags":["mobile","desktop"],"size":4170},"media/panorama_4DC45D00_4199_CE4B_41C8_5209939A4B44_0/l/0/11_2.jpg":{"tags":["mobile","desktop"],"size":1185},"media/panorama_4DC45D00_4199_CE4B_41C8_5209939A4B44_0/r/0/7_1.jpg":{"tags":["mobile","desktop"],"size":24467},"media/panorama_4DC45D00_4199_CE4B_41C8_5209939A4B44_0/f/0/2_10.jpg":{"tags":["mobile","desktop"],"size":5044},"media/panorama_4DC45D00_4199_CE4B_41C8_5209939A4B44_0/l/0/5_6.jpg":{"tags":["mobile","desktop"],"size":31905},"media/panorama_4DC45D00_4199_CE4B_41C8_5209939A4B44_0/l/0/11_11.jpg":{"tags":["mobile","desktop"],"size":2413},"media/panorama_4DC45D00_4199_CE4B_41C8_5209939A4B44_0/b/0/4_11.jpg":{"tags":["mobile","desktop"],"size":15425},"media/panorama_4DC45D00_4199_CE4B_41C8_5209939A4B44_0/l/0/10_11.jpg":{"tags":["mobile","desktop"],"size":23952},"media/panorama_4DC45D00_4199_CE4B_41C8_5209939A4B44_0/r/0/2_3.jpg":{"tags":["mobile","desktop"],"size":25175},"media/panorama_4DC45D00_4199_CE4B_41C8_5209939A4B44_0/l/0/9_1.jpg":{"tags":["mobile","desktop"],"size":35896},"media/panorama_4DC45D00_4199_CE4B_41C8_5209939A4B44_0/b/0/11_1.jpg":{"tags":["mobile","desktop"],"size":1185},"media/panorama_4DC45D00_4199_CE4B_41C8_5209939A4B44_0/f/0/7_1.jpg":{"tags":["mobile","desktop"],"size":29639},"media/panorama_4DC45D00_4199_CE4B_41C8_5209939A4B44_0/f/3/0_0.jpg":{"tags":["mobile","desktop"],"size":50998},"media/panorama_4DC45D00_4199_CE4B_41C8_5209939A4B44_0/b/1/2_5.jpg":{"tags":["mobile","desktop"],"size":38287},"media/panorama_4DC45D00_4199_CE4B_41C8_5209939A4B44_0/l/0/8_6.jpg":{"tags":["mobile","desktop"],"size":32633},"media/panorama_4DC45D00_4199_CE4B_41C8_5209939A4B44_0/f/0/1_5.jpg":{"tags":["mobile","desktop"],"size":1185},"media/panorama_4DC45D00_4199_CE4B_41C8_5209939A4B44_0/r/0/3_10.jpg":{"tags":["mobile","desktop"],"size":23748},"media/panorama_4DC45D00_4199_CE4B_41C8_5209939A4B44_0/r/3/0_1.jpg":{"tags":["mobile","desktop"],"size":38623},"media/panorama_4DC45D00_4199_CE4B_41C8_5209939A4B44_0/r/0/8_2.jpg":{"tags":["mobile","desktop"],"size":27454},"media/panorama_4DC45D00_4199_CE4B_41C8_5209939A4B44_0/f/0/4_3.jpg":{"tags":["mobile","desktop"],"size":49477},"media/panorama_4DC45D00_4199_CE4B_41C8_5209939A4B44_0/b/0/9_5.jpg":{"tags":["mobile","desktop"],"size":15323},"media/panorama_4DC45D00_4199_CE4B_41C8_5209939A4B44_0/f/0/4_7.jpg":{"tags":["mobile","desktop"],"size":35252},"media/panorama_4DC45D00_4199_CE4B_41C8_5209939A4B44_0/l/1/4_2.jpg":{"tags":["mobile","desktop"],"size":33518},"media/panorama_4DC45D00_4199_CE4B_41C8_5209939A4B44_0/b/0/6_8.jpg":{"tags":["mobile","desktop"],"size":10884},"media/panorama_4DC45D00_4199_CE4B_41C8_5209939A4B44_0/b/0/7_2.jpg":{"tags":["mobile","desktop"],"size":35372},"media/panorama_4DC45D00_4199_CE4B_41C8_5209939A4B44_0/r/0/0_2.jpg":{"tags":["mobile","desktop"],"size":1185},"media/panorama_4DC45D00_4199_CE4B_41C8_5209939A4B44_0/b/0/11_5.jpg":{"tags":["mobile","desktop"],"size":1185},"media/panorama_4DC45D00_4199_CE4B_41C8_5209939A4B44_0/f/0/4_6.jpg":{"tags":["mobile","desktop"],"size":31017},"media/panorama_4DC45D00_4199_CE4B_41C8_5209939A4B44_0/r/0/1_8.jpg":{"tags":["mobile","desktop"],"size":1839},"media/panorama_4DC45D00_4199_CE4B_41C8_5209939A4B44_0/f/0/0_5.jpg":{"tags":["mobile","desktop"],"size":1185},"media/panorama_4DC45D00_4199_CE4B_41C8_5209939A4B44_0/r/0/9_2.jpg":{"tags":["mobile","desktop"],"size":24914},"media/panorama_4DC45D00_4199_CE4B_41C8_5209939A4B44_0/r/1/3_5.jpg":{"tags":["mobile","desktop"],"size":36299},"media/panorama_4DC45D00_4199_CE4B_41C8_5209939A4B44_0/l/0/8_11.jpg":{"tags":["mobile","desktop"],"size":21079},"media/panorama_4DC45D00_4199_CE4B_41C8_5209939A4B44_0/b/0/3_5.jpg":{"tags":["mobile","desktop"],"size":24937},"media/panorama_4DC45D00_4199_CE4B_41C8_5209939A4B44_0/l/0/1_6.jpg":{"tags":["mobile","desktop"],"size":1185},"lib/cursors/FNE.cur":{"size":4526},"media/panorama_4DC45D00_4199_CE4B_41C8_5209939A4B44_0/l/0/6_7.jpg":{"tags":["mobile","desktop"],"size":18925},"media/panorama_4DC45D00_4199_CE4B_41C8_5209939A4B44_0/b/0/1_11.jpg":{"tags":["mobile","desktop"],"size":22478},"media/panorama_4DC45D00_4199_CE4B_41C8_5209939A4B44_0/r/0/6_3.jpg":{"tags":["mobile","desktop"],"size":42483},"media/panorama_4DC45D00_4199_CE4B_41C8_5209939A4B44_0/l/0/0_8.jpg":{"tags":["mobile","desktop"],"size":1185},"media/panorama_4DC45D00_4199_CE4B_41C8_5209939A4B44_0/b/0/0_0.jpg":{"tags":["mobile","desktop"],"size":2316},"media/panorama_4DC45D00_4199_CE4B_41C8_5209939A4B44_0/r/0/10_0.jpg":{"tags":["mobile","desktop"],"size":29008},"media/panorama_4DC45D00_4199_CE4B_41C8_5209939A4B44_0/l/0/5_10.jpg":{"tags":["mobile","desktop"],"size":34500},"lib/preload.gif":{"size":4178},"media/panorama_4DC45D00_4199_CE4B_41C8_5209939A4B44_0/b/0/4_4.jpg":{"tags":["mobile","desktop"],"size":42371},"media/panorama_4DC45D00_4199_CE4B_41C8_5209939A4B44_0/f/0/5_4.jpg":{"tags":["mobile","desktop"],"size":26426},"media/panorama_4DC45D00_4199_CE4B_41C8_5209939A4B44_0/r/0/10_2.jpg":{"tags":["mobile","desktop"],"size":7454},"media/panorama_4DC45D00_4199_CE4B_41C8_5209939A4B44_0/f/0/10_3.jpg":{"tags":["mobile","desktop"],"size":1866},"media/panorama_4DC45D00_4199_CE4B_41C8_5209939A4B44_0/b/0/11_3.jpg":{"tags":["mobile","desktop"],"size":1185},"media/panorama_4DC45D00_4199_CE4B_41C8_5209939A4B44_0/f/0/6_6.jpg":{"tags":["mobile","desktop"],"size":34100},"media/panorama_4DC45D00_4199_CE4B_41C8_5209939A4B44_0/f/0/7_8.jpg":{"tags":["mobile","desktop"],"size":30215},"media/panorama_4DC45D00_4199_CE4B_41C8_5209939A4B44_0/l/0/10_0.jpg":{"tags":["mobile","desktop"],"size":21355},"media/panorama_4DC45D00_4199_CE4B_41C8_5209939A4B44_0/f/1/4_1.jpg":{"tags":["mobile","desktop"],"size":39057},"media/panorama_4DC45D00_4199_CE4B_41C8_5209939A4B44_0/l/0/1_10.jpg":{"tags":["mobile","desktop"],"size":11944},"media/panorama_4DC45D00_4199_CE4B_41C8_5209939A4B44_0/b/0/1_5.jpg":{"tags":["mobile","desktop"],"size":1185},"media/panorama_4DC45D00_4199_CE4B_41C8_5209939A4B44_0/l/0/9_6.jpg":{"tags":["mobile","desktop"],"size":19763},"media/panorama_4DC45D00_4199_CE4B_41C8_5209939A4B44_0/l/0/10_9.jpg":{"tags":["mobile","desktop"],"size":8919},"media/panorama_4DC45D00_4199_CE4B_41C8_5209939A4B44_0/l/0/7_3.jpg":{"tags":["mobile","desktop"],"size":21980},"media/panorama_4DC45D00_4199_CE4B_41C8_5209939A4B44_0/l/1/1_3.jpg":{"tags":["mobile","desktop"],"size":6105},"media/panorama_4DC45D00_4199_CE4B_41C8_5209939A4B44_0/r/0/9_8.jpg":{"tags":["mobile","desktop"],"size":31326},"media/panorama_4DC45D00_4199_CE4B_41C8_5209939A4B44_0/f/0/0_9.jpg":{"tags":["mobile","desktop"],"size":1185},"media/panorama_4DC45D00_4199_CE4B_41C8_5209939A4B44_0/b/0/10_8.jpg":{"tags":["mobile","desktop"],"size":1867},"media/panorama_4DC45D00_4199_CE4B_41C8_5209939A4B44_0/l/0/10_2.jpg":{"tags":["mobile","desktop"],"size":7670},"media/panorama_4DC45D00_4199_CE4B_41C8_5209939A4B44_0/b/0/6_10.jpg":{"tags":["mobile","desktop"],"size":16584},"media/panorama_4DC45D00_4199_CE4B_41C8_5209939A4B44_0/b/0/8_10.jpg":{"tags":["mobile","desktop"],"size":11341},"skin/IconButton_570E2E34_5EBE_63DE_41BF_4A1E5F2D40AB_rollover.png":{"size":737},"media/panorama_4DC45D00_4199_CE4B_41C8_5209939A4B44_0/b/0/8_6.jpg":{"tags":["mobile","desktop"],"size":11123},"media/panorama_4DC45D00_4199_CE4B_41C8_5209939A4B44_0/r/1/5_3.jpg":{"tags":["mobile","desktop"],"size":1185},"media/panorama_4DC45D00_4199_CE4B_41C8_5209939A4B44_0/b/1/0_1.jpg":{"tags":["mobile","desktop"],"size":2978},"skin/IconButton_570E2E34_5EBE_63DE_41B3_E36925A8158B_pressed.png":{"size":963},"media/panorama_4DC45D00_4199_CE4B_41C8_5209939A4B44_0/l/0/2_9.jpg":{"tags":["mobile","desktop"],"size":27981},"media/panorama_4DC45D00_4199_CE4B_41C8_5209939A4B44_0/b/0/4_2.jpg":{"tags":["mobile","desktop"],"size":30712},"media/panorama_4DC45D00_4199_CE4B_41C8_5209939A4B44_0/r/0/7_5.jpg":{"tags":["mobile","desktop"],"size":27054},"media/panorama_4DC45D00_4199_CE4B_41C8_5209939A4B44_0/l/0/0_4.jpg":{"tags":["mobile","desktop"],"size":1185},"media/panorama_4DC45D00_4199_CE4B_41C8_5209939A4B44_0/f/0/2_11.jpg":{"tags":["mobile","desktop"],"size":27096},"media/panorama_4DC45D00_4199_CE4B_41C8_5209939A4B44_0/b/0/5_0.jpg":{"tags":["mobile","desktop"],"size":34251},"media/panorama_4DC45D00_4199_CE4B_41C8_5209939A4B44_0/f/0/5_9.jpg":{"tags":["mobile","desktop"],"size":43617},"media/panorama_4DC45D00_4199_CE4B_41C8_5209939A4B44_0/b/0/3_2.jpg":{"tags":["mobile","desktop"],"size":6337},"media/panorama_4DC45D00_4199_CE4B_41C8_5209939A4B44_0/b/0/2_6.jpg":{"tags":["mobile","desktop"],"size":14843},"misc/icon16.png":{"size":760},"media/panorama_4DC45D00_4199_CE4B_41C8_5209939A4B44_0/r/1/0_2.jpg":{"tags":["mobile","desktop"],"size":1185},"media/panorama_4DC45D00_4199_CE4B_41C8_5209939A4B44_0/l/0/2_10.jpg":{"tags":["mobile","desktop"],"size":17675},"media/panorama_4DC45D00_4199_CE4B_41C8_5209939A4B44_0/l/0/3_9.jpg":{"tags":["mobile","desktop"],"size":56021},"lib/cursors/SW.cur":{"size":3542},"media/panorama_4DC45D00_4199_CE4B_41C8_5209939A4B44_0/l/vr/0.jpg":{"tags":"mobilevr","size":317305},"media/panorama_4DC45D00_4199_CE4B_41C8_5209939A4B44_0/b/1/2_4.jpg":{"tags":["mobile","desktop"],"size":37344},"media/panorama_4DC45D00_4199_CE4B_41C8_5209939A4B44_0/b/0/5_5.jpg":{"tags":["mobile","desktop"],"size":24500},"media/panorama_4DC45D00_4199_CE4B_41C8_5209939A4B44_0/l/0/5_8.jpg":{"tags":["mobile","desktop"],"size":46273},"lib/cursors/FW.cur":{"size":4526},"media/panorama_4DC45D00_4199_CE4B_41C8_5209939A4B44_0/l/0/11_6.jpg":{"tags":["mobile","desktop"],"size":1185},"media/panorama_4DC45D00_4199_CE4B_41C8_5209939A4B44_0/l/1/0_5.jpg":{"tags":["mobile","desktop"],"size":9053},"media/panorama_4DC45D00_4199_CE4B_41C8_5209939A4B44_0/l/0/5_7.jpg":{"tags":["mobile","desktop"],"size":39305},"media/panorama_4DC45D00_4199_CE4B_41C8_5209939A4B44_0/l/0/3_3.jpg":{"tags":["mobile","desktop"],"size":9297},"media/panorama_4DC45D00_4199_CE4B_41C8_5209939A4B44_0/l/1/5_5.jpg":{"tags":["mobile","desktop"],"size":14755},"media/panorama_4DC45D00_4199_CE4B_41C8_5209939A4B44_0/r/0/11_7.jpg":{"tags":["mobile","desktop"],"size":1185},"media/panorama_4DC45D00_4199_CE4B_41C8_5209939A4B44_0/l/1/5_2.jpg":{"tags":["mobile","desktop"],"size":1185},"media/panorama_4DC45D00_4199_CE4B_41C8_5209939A4B44_0/r/0/9_11.jpg":{"tags":["mobile","desktop"],"size":31008},"media/panorama_4DC45D00_4199_CE4B_41C8_5209939A4B44_0/r/1/2_0.jpg":{"tags":["mobile","desktop"],"size":37568},"media/panorama_4DC45D00_4199_CE4B_41C8_5209939A4B44_0/b/0/6_11.jpg":{"tags":["mobile","desktop"],"size":18853},"media/panorama_4DC45D00_4199_CE4B_41C8_5209939A4B44_0/f/1/0_1.jpg":{"tags":["mobile","desktop"],"size":4079},"media/panorama_4DC45D00_4199_CE4B_41C8_5209939A4B44_0/r/0/3_0.jpg":{"tags":["mobile","desktop"],"size":32816},"media/panorama_4DC45D00_4199_CE4B_41C8_5209939A4B44_0/b/0/7_8.jpg":{"tags":["mobile","desktop"],"size":10839},"media/panorama_4DC45D00_4199_CE4B_41C8_5209939A4B44_0/l/0/0_11.jpg":{"tags":["mobile","desktop"],"size":2316},"media/panorama_4DC45D00_4199_CE4B_41C8_5209939A4B44_0/r/0/3_7.jpg":{"tags":["mobile","desktop"],"size":36096},"media/panorama_4DC45D00_4199_CE4B_41C8_5209939A4B44_0/b/0/7_11.jpg":{"tags":["mobile","desktop"],"size":11615},"media/panorama_4DC45D00_4199_CE4B_41C8_5209939A4B44_0/r/1/4_0.jpg":{"tags":["mobile","desktop"],"size":32782},"media/panorama_4DC45D00_4199_CE4B_41C8_5209939A4B44_0/r/0/2_11.jpg":{"tags":["mobile","desktop"],"size":21868},"media/panorama_4DC45D00_4199_CE4B_41C8_5209939A4B44_0/b/1/3_1.jpg":{"tags":["mobile","desktop"],"size":41063},"media/panorama_4DC45D00_4199_CE4B_41C8_5209939A4B44_0/f/0/9_11.jpg":{"tags":["mobile","desktop"],"size":29397},"misc/icon64.png":{"size":5119},"media/panorama_4DC45D00_4199_CE4B_41C8_5209939A4B44_0/l/3/1_1.jpg":{"tags":["mobile","desktop"],"size":28186},"media/panorama_4DC45D00_4199_CE4B_41C8_5209939A4B44_0/b/1/3_5.jpg":{"tags":["mobile","desktop"],"size":19737},"skin/IconButton_570E2E34_5EBE_63DE_41C7_41F80DEDE689_rollover.png":{"size":1007},"media/panorama_4DC45D00_4199_CE4B_41C8_5209939A4B44_0/l/0/4_3.jpg":{"tags":["mobile","desktop"],"size":35826},"skin/IconButton_570E2E34_5EBE_63DE_417E_9FF89E99273C_rollover.png":{"size":953},"media/panorama_4DC45D00_4199_CE4B_41C8_5209939A4B44_0/r/0/11_0.jpg":{"tags":["mobile","desktop"],"size":2359},"media/panorama_4DC45D00_4199_CE4B_41C8_5209939A4B44_0/l/0/5_4.jpg":{"tags":["mobile","desktop"],"size":29223},"lib/cursors/N.cur":{"size":3542},"media/panorama_4DC45D00_4199_CE4B_41C8_5209939A4B44_0/l/0/7_2.jpg":{"tags":["mobile","desktop"],"size":16160},"media/panorama_4DC45D00_4199_CE4B_41C8_5209939A4B44_0/l/0/5_1.jpg":{"tags":["mobile","desktop"],"size":24070},"media/panorama_4DC45D00_4199_CE4B_41C8_5209939A4B44_0/l/0/8_0.jpg":{"tags":["mobile","desktop"],"size":14062},"media/panorama_4DC45D00_4199_CE4B_41C8_5209939A4B44_0/b/1/4_0.jpg":{"tags":["mobile","desktop"],"size":47789},"media/panorama_4DC45D00_4199_CE4B_41C8_5209939A4B44_0/r/0/0_5.jpg":{"tags":["mobile","desktop"],"size":1185},"media/panorama_4DC45D00_4199_CE4B_41C8_5209939A4B44_0/b/0/1_7.jpg":{"tags":["mobile","desktop"],"size":1185},"media/panorama_4DC45D00_4199_CE4B_41C8_5209939A4B44_0/r/0/4_10.jpg":{"tags":["mobile","desktop"],"size":29317},"media/panorama_4DC45D00_4199_CE4B_41C8_5209939A4B44_0/r/2/1_0.jpg":{"tags":["mobile","desktop"],"size":52376},"skin/IconButton_570E2E34_5EBE_63DE_41D0_8EA6B8C16A08_pressed.png":{"size":1141},"media/panorama_4DC45D00_4199_CE4B_41C8_5209939A4B44_0/r/0/4_5.jpg":{"tags":["mobile","desktop"],"size":33057},"lib/cursors/NE.cur":{"size":3542},"media/panorama_4DC45D00_4199_CE4B_41C8_5209939A4B44_0/r/0/8_8.jpg":{"tags":["mobile","desktop"],"size":28409},"media/panorama_4DC45D00_4199_CE4B_41C8_5209939A4B44_0/r/0/6_4.jpg":{"tags":["mobile","desktop"],"size":30190},"media/panorama_4DC45D00_4199_CE4B_41C8_5209939A4B44_0/b/1/5_5.jpg":{"tags":["mobile","desktop"],"size":15108},"media/panorama_4DC45D00_4199_CE4B_41C8_5209939A4B44_0/l/0/7_0.jpg":{"tags":["mobile","desktop"],"size":12255},"media/panorama_4DC45D00_4199_CE4B_41C8_5209939A4B44_0/f/0/3_10.jpg":{"tags":["mobile","desktop"],"size":7681},"media/panorama_4DC45D00_4199_CE4B_41C8_5209939A4B44_0/b/0/3_11.jpg":{"tags":["mobile","desktop"],"size":18336},"media/panorama_4DC45D00_4199_CE4B_41C8_5209939A4B44_0/f/0/6_2.jpg":{"tags":["mobile","desktop"],"size":20953},"media/panorama_4DC45D00_4199_CE4B_41C8_5209939A4B44_0/r/1/1_1.jpg":{"tags":["mobile","desktop"],"size":40765},"media/panorama_4DC45D00_4199_CE4B_41C8_5209939A4B44_0/f/0/2_1.jpg":{"tags":["mobile","desktop"],"size":17961},"media/panorama_4DC45D00_4199_CE4B_41C8_5209939A4B44_0/f/0/2_6.jpg":{"tags":["mobile","desktop"],"size":22795},"media/panorama_4DC45D00_4199_CE4B_41C8_5209939A4B44_0/f/0/9_3.jpg":{"tags":["mobile","desktop"],"size":33374},"media/panorama_4DC45D00_4199_CE4B_41C8_5209939A4B44_0/l/0/0_6.jpg":{"tags":["mobile","desktop"],"size":1185},"media/panorama_4DC45D00_4199_CE4B_41C8_5209939A4B44_0/r/1/3_0.jpg":{"tags":["mobile","desktop"],"size":31892},"media/panorama_4DC45D00_4199_CE4B_41C8_5209939A4B44_0/l/1/2_5.jpg":{"tags":["mobile","desktop"],"size":53029},"media/panorama_4DC45D00_4199_CE4B_41C8_5209939A4B44_0/f/1/4_2.jpg":{"tags":["mobile","desktop"],"size":35710},"media/panorama_4DC45D00_4199_CE4B_41C8_5209939A4B44_0/f/0/8_5.jpg":{"tags":["mobile","desktop"],"size":35921},"media/panorama_4DC45D00_4199_CE4B_41C8_5209939A4B44_0/r/0/8_5.jpg":{"tags":["mobile","desktop"],"size":29571},"media/panorama_4DC45D00_4199_CE4B_41C8_5209939A4B44_0/l/0/9_5.jpg":{"tags":["mobile","desktop"],"size":18264},"media/panorama_4DC45D00_4199_CE4B_41C8_5209939A4B44_0/b/1/3_4.jpg":{"tags":["mobile","desktop"],"size":14162},"media/panorama_4DC45D00_4199_CE4B_41C8_5209939A4B44_0/l/0/2_8.jpg":{"tags":["mobile","desktop"],"size":18741},"misc/icon512.png":{"size":78926},"media/panorama_4DC45D00_4199_CE4B_41C8_5209939A4B44_0/b/0/11_2.jpg":{"tags":["mobile","desktop"],"size":1185},"media/panorama_4DC45D00_4199_CE4B_41C8_5209939A4B44_0/r/0/1_6.jpg":{"tags":["mobile","desktop"],"size":1185},"media/panorama_4DC45D00_4199_CE4B_41C8_5209939A4B44_0/b/0/5_8.jpg":{"tags":["mobile","desktop"],"size":25960},"media/panorama_4DC45D00_4199_CE4B_41C8_5209939A4B44_0/f/0/1_7.jpg":{"tags":["mobile","desktop"],"size":1185},"media/panorama_4DC45D00_4199_CE4B_41C8_5209939A4B44_0/l/1/0_1.jpg":{"tags":["mobile","desktop"],"size":4544},"media/panorama_4DC45D00_4199_CE4B_41C8_5209939A4B44_0/b/0/6_6.jpg":{"tags":["mobile","desktop"],"size":7694},"media/panorama_4DC45D00_4199_CE4B_41C8_5209939A4B44_0/r/1/5_0.jpg":{"tags":["mobile","desktop"],"size":15709},"media/panorama_4DC45D00_4199_CE4B_41C8_5209939A4B44_0/f/0/3_5.jpg":{"tags":["mobile","desktop"],"size":44657},"lib/cursors/grabbing.cur":{"size":326},"media/panorama_4DC45D00_4199_CE4B_41C8_5209939A4B44_0/b/0/4_9.jpg":{"tags":["mobile","desktop"],"size":22820},"media/panorama_4DC45D00_4199_CE4B_41C8_5209939A4B44_0/r/1/1_5.jpg":{"tags":["mobile","desktop"],"size":29270},"misc/icon32.png":{"size":1952},"media/panorama_4DC45D00_4199_CE4B_41C8_5209939A4B44_0/b/0/9_4.jpg":{"tags":["mobile","desktop"],"size":26576},"media/panorama_4DC45D00_4199_CE4B_41C8_5209939A4B44_0/l/0/8_2.jpg":{"tags":["mobile","desktop"],"size":26106},"media/panorama_4DC45D00_4199_CE4B_41C8_5209939A4B44_0/l/2/2_1.jpg":{"tags":["mobile","desktop"],"size":22092},"media/panorama_4DC45D00_4199_CE4B_41C8_5209939A4B44_0/b/0/3_3.jpg":{"tags":["mobile","desktop"],"size":12918},"media/panorama_4DC45D00_4199_CE4B_41C8_5209939A4B44_0/r/0/10_9.jpg":{"tags":["mobile","desktop"],"size":8764},"media/panorama_4DC45D00_4199_CE4B_41C8_5209939A4B44_0/b/1/5_2.jpg":{"tags":["mobile","desktop"],"size":1185},"skin/IconButton_570E2E34_5EBE_63DE_417E_9FF89E99273C_pressed.png":{"size":1117},"media/panorama_4DC45D00_4199_CE4B_41C8_5209939A4B44_0/b/0/6_2.jpg":{"tags":["mobile","desktop"],"size":37652},"media/panorama_4DC45D00_4199_CE4B_41C8_5209939A4B44_0/b/2/2_0.jpg":{"tags":["mobile","desktop"],"size":31269},"media/panorama_4DC45D00_4199_CE4B_41C8_5209939A4B44_0/r/1/4_5.jpg":{"tags":["mobile","desktop"],"size":35289},"media/panorama_4DC45D00_4199_CE4B_41C8_5209939A4B44_0/l/0/11_5.jpg":{"tags":["mobile","desktop"],"size":1185},"media/panorama_4DC45D00_4199_CE4B_41C8_5209939A4B44_0/r/0/10_1.jpg":{"tags":["mobile","desktop"],"size":16991},"media/panorama_4DC45D00_4199_CE4B_41C8_5209939A4B44_0/l/0/1_9.jpg":{"tags":["mobile","desktop"],"size":7470},"media/panorama_4DC45D00_4199_CE4B_41C8_5209939A4B44_0/b/0/7_0.jpg":{"tags":["mobile","desktop"],"size":35817},"media/panorama_4DC45D00_4199_CE4B_41C8_5209939A4B44_0/f/2/1_0.jpg":{"tags":["mobile","desktop"],"size":55070},"media/panorama_4DC45D00_4199_CE4B_41C8_5209939A4B44_0/f/1/1_3.jpg":{"tags":["mobile","desktop"],"size":46407},"media/panorama_4DC45D00_4199_CE4B_41C8_5209939A4B44_0/f/0/9_4.jpg":{"tags":["mobile","desktop"],"size":29334},"media/panorama_4DC45D00_4199_CE4B_41C8_5209939A4B44_0/b/0/4_6.jpg":{"tags":["mobile","desktop"],"size":14508},"media/panorama_4DC45D00_4199_CE4B_41C8_5209939A4B44_0/f/0/11_3.jpg":{"tags":["mobile","desktop"],"size":1185},"skin/IconButton_570E2E34_5EBE_63DE_41C7_41F80DEDE689_pressed.png":{"size":1010},"media/panorama_4DC45D00_4199_CE4B_41C8_5209939A4B44_0/l/0/1_0.jpg":{"tags":["mobile","desktop"],"size":30396},"media/panorama_4DC45D00_4199_CE4B_41C8_5209939A4B44_0/b/1/0_3.jpg":{"tags":["mobile","desktop"],"size":1185},"media/panorama_4DC45D00_4199_CE4B_41C8_5209939A4B44_0/l/1/3_0.jpg":{"tags":["mobile","desktop"],"size":20933},"media/panorama_4DC45D00_4199_CE4B_41C8_5209939A4B44_0/r/0/0_10.jpg":{"tags":["mobile","desktop"],"size":1185},"media/panorama_4DC45D00_4199_CE4B_41C8_5209939A4B44_0/l/1/1_5.jpg":{"tags":["mobile","desktop"],"size":51546},"media/panorama_4DC45D00_4199_CE4B_41C8_5209939A4B44_0/f/0/0_2.jpg":{"tags":["mobile","desktop"],"size":1185},"media/panorama_4DC45D00_4199_CE4B_41C8_5209939A4B44_0/f/2/0_2.jpg":{"tags":["mobile","desktop"],"size":20166},"media/panorama_4DC45D00_4199_CE4B_41C8_5209939A4B44_0/f/0/11_11.jpg":{"tags":["mobile","desktop"],"size":2321},"media/panorama_4DC45D00_4199_CE4B_41C8_5209939A4B44_0/f/0/4_2.jpg":{"tags":["mobile","desktop"],"size":43079},"media/panorama_4DC45D00_4199_CE4B_41C8_5209939A4B44_0/f/0/11_10.jpg":{"tags":["mobile","desktop"],"size":1185},"media/panorama_4DC45D00_4199_CE4B_41C8_5209939A4B44_0/b/1/3_3.jpg":{"tags":["mobile","desktop"],"size":9083},"media/panorama_4DC45D00_4199_CE4B_41C8_5209939A4B44_0/r/0/5_11.jpg":{"tags":["mobile","desktop"],"size":28120},"media/panorama_4DC45D00_4199_CE4B_41C8_5209939A4B44_0/b/0/1_0.jpg":{"tags":["mobile","desktop"],"size":12095},"media/panorama_4DC45D00_4199_CE4B_41C8_5209939A4B44_0/l/0/11_7.jpg":{"tags":["mobile","desktop"],"size":1185},"media/panorama_4DC45D00_4199_CE4B_41C8_5209939A4B44_0/b/0/2_5.jpg":{"tags":["mobile","desktop"],"size":17428},"media/panorama_4DC45D00_4199_CE4B_41C8_5209939A4B44_0/l/0/8_5.jpg":{"tags":["mobile","desktop"],"size":31159},"media/panorama_4DC45D00_4199_CE4B_41C8_5209939A4B44_0/r/0/8_3.jpg":{"tags":["mobile","desktop"],"size":29286},"media/panorama_4DC45D00_4199_CE4B_41C8_5209939A4B44_0/l/0/9_11.jpg":{"tags":["mobile","desktop"],"size":25992},"media/panorama_4DC45D00_4199_CE4B_41C8_5209939A4B44_0/f/0/8_10.jpg":{"tags":["mobile","desktop"],"size":28349},"media/panorama_4DC45D00_4199_CE4B_41C8_5209939A4B44_0/l/0/1_1.jpg":{"tags":["mobile","desktop"],"size":20928},"media/panorama_4DC45D00_4199_CE4B_41C8_5209939A4B44_0/b/0/5_4.jpg":{"tags":["mobile","desktop"],"size":32280},"media/panorama_4DC45D00_4199_CE4B_41C8_5209939A4B44_0/r/0/6_11.jpg":{"tags":["mobile","desktop"],"size":26693},"media/panorama_4DC45D00_4199_CE4B_41C8_5209939A4B44_0/l/0/3_4.jpg":{"tags":["mobile","desktop"],"size":29925},"media/panorama_4DC45D00_4199_CE4B_41C8_5209939A4B44_0/r/0/6_10.jpg":{"tags":["mobile","desktop"],"size":28895},"media/panorama_4DC45D00_4199_CE4B_41C8_5209939A4B44_0/l/0/2_3.jpg":{"tags":["mobile","desktop"],"size":29160},"media/panorama_4DC45D00_4199_CE4B_41C8_5209939A4B44_0/b/1/4_5.jpg":{"tags":["mobile","desktop"],"size":26949},"media/panorama_4DC45D00_4199_CE4B_41C8_5209939A4B44_0/l/1/1_0.jpg":{"tags":["mobile","desktop"],"size":50766},"media/panorama_4DC45D00_4199_CE4B_41C8_5209939A4B44_0/l/0/5_0.jpg":{"tags":["mobile","desktop"],"size":26137},"media/panorama_4DC45D00_4199_CE4B_41C8_5209939A4B44_0/b/2/0_1.jpg":{"tags":["mobile","desktop"],"size":26628},"media/panorama_4DC45D00_4199_CE4B_41C8_5209939A4B44_0/l/0/7_11.jpg":{"tags":["mobile","desktop"],"size":21775},"media/panorama_4DC45D00_4199_CE4B_41C8_5209939A4B44_0/f/1/2_1.jpg":{"tags":["mobile","desktop"],"size":56314},"media/panorama_4DC45D00_4199_CE4B_41C8_5209939A4B44_0/l/2/0_0.jpg":{"tags":["mobile","desktop"],"size":41569},"media/panorama_4DC45D00_4199_CE4B_41C8_5209939A4B44_0/f/1/3_2.jpg":{"tags":["mobile","desktop"],"size":33328}}